DROP DATABASE IF EXISTS QUANLYDATHANG;
CREATE DATABASE QUANLYDATHANG;

USE QUANLYDATHANG;

SET NAMES utf8mb4;
SET FOREIGN_KEY_CHECKS = 0;

-- ----------------------------
-- Table structure for chitietdathang
-- ----------------------------
DROP TABLE IF EXISTS `chitietdathang`;
CREATE TABLE `chitietdathang`  (
  `SoDonDH` int(11) NOT NULL,
  `MSHH` int(11) NOT NULL,
  `SoLuong` int(11) NULL DEFAULT 1,
  `GiaDatHang` decimal(10, 2) NULL DEFAULT 0,
  `GiamGia` decimal(10, 2) NULL DEFAULT 0,
  PRIMARY KEY (`SoDonDH`, `MSHH`) USING BTREE,
  INDEX `MSHH`(`MSHH`) USING BTREE,
  INDEX `SoDonDH`(`SoDonDH`) USING BTREE,
  CONSTRAINT `fk_MSHH_HangHoa_ChiTiet` FOREIGN KEY (`MSHH`) REFERENCES `hanghoa` (`MSHH`) ON DELETE NO ACTION ON UPDATE NO ACTION,
  CONSTRAINT `fk_SoDonHH_DatHang_ChiTiet` FOREIGN KEY (`SoDonDH`) REFERENCES `dathang` (`SoDonDH`) ON DELETE CASCADE ON UPDATE CASCADE
) ENGINE = InnoDB CHARACTER SET = utf8mb4 COLLATE = utf8mb4_unicode_ci ROW_FORMAT = DYNAMIC;

-- ----------------------------
-- Records of chitietdathang
-- ----------------------------
INSERT INTO `chitietdathang` VALUES (161, 169, 1, 208000.00, 187200.00);
INSERT INTO `chitietdathang` VALUES (161, 184, 3, 38000.00, 30400.00);
INSERT INTO `chitietdathang` VALUES (162, 177, 2, 398000.00, 318400.00);
INSERT INTO `chitietdathang` VALUES (162, 187, 1, 248000.00, 173600.00);
INSERT INTO `chitietdathang` VALUES (163, 182, 2, 86000.00, 68800.00);
INSERT INTO `chitietdathang` VALUES (163, 189, 2, 470000.00, 423000.00);
INSERT INTO `chitietdathang` VALUES (164, 168, 1, 179000.00, 161100.00);
INSERT INTO `chitietdathang` VALUES (164, 180, 1, 348000.00, 243600.00);
INSERT INTO `chitietdathang` VALUES (165, 167, 2, 44000.00, 35200.00);
INSERT INTO `chitietdathang` VALUES (165, 179, 2, 252000.00, 201600.00);
INSERT INTO `chitietdathang` VALUES (166, 172, 1, 204000.00, 183600.00);
INSERT INTO `chitietdathang` VALUES (166, 185, 5, 172000.00, 154800.00);
INSERT INTO `chitietdathang` VALUES (167, 175, 2, 84000.00, 58800.00);
INSERT INTO `chitietdathang` VALUES (167, 186, 1, 160000.00, 112000.00);
INSERT INTO `chitietdathang` VALUES (168, 171, 4, 47000.00, 32900.00);
INSERT INTO `chitietdathang` VALUES (168, 176, 2, 496000.00, 446400.00);
INSERT INTO `chitietdathang` VALUES (169, 163, 6, 344000.00, 309600.00);
INSERT INTO `chitietdathang` VALUES (169, 178, 1, 270000.00, 216000.00);
INSERT INTO `chitietdathang` VALUES (170, 165, 1, 290000.00, 232000.00);
INSERT INTO `chitietdathang` VALUES (170, 183, 2, 510000.00, 408000.00);
INSERT INTO `chitietdathang` VALUES (171, 187, 1, 248000.00, 173600.00);
INSERT INTO `chitietdathang` VALUES (172, 182, 2, 86000.00, 68800.00);
INSERT INTO `chitietdathang` VALUES (173, 165, 1, 207000.00, 0.00);
INSERT INTO `chitietdathang` VALUES (173, 175, 1, 93000.00, 0.00);
INSERT INTO `chitietdathang` VALUES (173, 178, 2, 125000.00, 0.00);
INSERT INTO `chitietdathang` VALUES (173, 189, 2, 42000.00, 200.00);
INSERT INTO `chitietdathang` VALUES (174, 168, 1, 115000.00, 1.00);
INSERT INTO `chitietdathang` VALUES (174, 172, 1, 34000.00, 0.00);
INSERT INTO `chitietdathang` VALUES (175, 180, 1, 22000.00, 0.00);
INSERT INTO `chitietdathang` VALUES (215, 162, 1, 40000.00, 0.00);
INSERT INTO `chitietdathang` VALUES (215, 165, 1, 207000.00, 0.00);
INSERT INTO `chitietdathang` VALUES (216, 161, 4, 164000.00, 0.00);
INSERT INTO `chitietdathang` VALUES (216, 164, 1, 40000.00, 0.00);
INSERT INTO `chitietdathang` VALUES (217, 162, 1, 40000.00, 0.00);
INSERT INTO `chitietdathang` VALUES (217, 167, 1, 156000.00, 0.00);
INSERT INTO `chitietdathang` VALUES (218, 162, 1, 40000.00, 0.00);
INSERT INTO `chitietdathang` VALUES (218, 165, 1, 207000.00, 0.00);
INSERT INTO `chitietdathang` VALUES (219, 162, 2, 40000.00, 0.00);

-- ----------------------------
-- Table structure for dathang
-- ----------------------------
DROP TABLE IF EXISTS `dathang`;
CREATE TABLE `dathang`  (
  `SoDonDH` int(11) NOT NULL AUTO_INCREMENT,
  `MSKH` int(11) NOT NULL,
  `MSNV` int(11) NOT NULL,
  `NgayDH` date NULL DEFAULT NULL,
  `NgayGH` date NULL DEFAULT NULL,
  `TrangThai` varchar(255) CHARACTER SET utf8mb4 COLLATE utf8mb4_unicode_ci NULL DEFAULT 'Chưa xử lý',
  PRIMARY KEY (`SoDonDH`) USING BTREE,
  INDEX `MSNV`(`MSNV`) USING BTREE,
  INDEX `MSKH`(`MSKH`) USING BTREE,
  CONSTRAINT `fk_MSKH_KhachHang_DatHang` FOREIGN KEY (`MSKH`) REFERENCES `khachhang` (`MSKH`) ON DELETE RESTRICT ON UPDATE RESTRICT,
  CONSTRAINT `fk_MSNV_NhanVien_DatHang` FOREIGN KEY (`MSNV`) REFERENCES `nhanvien` (`MSNV`) ON DELETE RESTRICT ON UPDATE RESTRICT
) ENGINE = InnoDB AUTO_INCREMENT = 221 CHARACTER SET = utf8mb4 COLLATE = utf8mb4_unicode_ci ROW_FORMAT = DYNAMIC;

-- ----------------------------
-- Records of dathang
-- ----------------------------
INSERT INTO `dathang` VALUES (161, 127, 43, '2021-01-03', '2021-01-15', 'Đã giao');
INSERT INTO `dathang` VALUES (162, 152, 43, '2021-01-12', '2021-01-18', 'Đã giao');
INSERT INTO `dathang` VALUES (163, 140, 40, '2021-01-26', '2021-02-26', 'Đã giao');
INSERT INTO `dathang` VALUES (164, 153, 41, '2021-01-27', '2021-01-30', 'Đã giao');
INSERT INTO `dathang` VALUES (165, 155, 40, '2021-03-01', '2021-05-01', 'Đã giao');
INSERT INTO `dathang` VALUES (166, 141, 39, '2021-03-03', '2021-05-03', 'Đã giao');
INSERT INTO `dathang` VALUES (167, 137, 44, '2021-03-13', '2021-03-21', 'Đã giao');
INSERT INTO `dathang` VALUES (168, 134, 44, '2021-04-03', '2021-04-13', 'Đã giao');
INSERT INTO `dathang` VALUES (169, 130, 28, '2021-05-13', '2021-05-19', 'Đang chuẩn bị hàng');
INSERT INTO `dathang` VALUES (170, 154, 39, '2021-05-22', '2021-05-29', 'Đang giao hàng');
INSERT INTO `dathang` VALUES (171, 142, 41, '2021-05-10', '2021-05-29', 'Đang giao hàng');
INSERT INTO `dathang` VALUES (172, 146, 40, '2021-05-17', '2021-05-19', 'Đang chuẩn bị hàng');
INSERT INTO `dathang` VALUES (173, 150, 38, '2021-05-28', '2021-05-29', 'Chưa xử lý');
INSERT INTO `dathang` VALUES (174, 131, 42, '2021-05-20', '2021-05-20', 'Đang chuẩn bị hàng');
INSERT INTO `dathang` VALUES (175, 149, 39, '2021-05-25', '2021-05-26', 'Chưa xử lý');
INSERT INTO `dathang` VALUES (215, 276, 28, '2021-05-20', '2021-05-25', 'Đang chuẩn bị hàng');
INSERT INTO `dathang` VALUES (216, 276, 29, '2021-05-20', '2021-05-25', 'Chưa xử lý');
INSERT INTO `dathang` VALUES (217, 281, 30, '2021-05-21', '2021-05-26', 'Chưa xử lý');
INSERT INTO `dathang` VALUES (218, 281, 30, '2021-05-21', '2021-05-26', 'Chưa xử lý');
INSERT INTO `dathang` VALUES (219, 276, 29, '2021-05-21', '2021-05-26', 'Chưa xử lý');

-- ----------------------------
-- Table structure for diachikh
-- ----------------------------
DROP TABLE IF EXISTS `diachikh`;
CREATE TABLE `diachikh`  (
  `MaDC` int(11) NOT NULL AUTO_INCREMENT,
  `DiaChi` varchar(255) CHARACTER SET utf8mb4 COLLATE utf8mb4_unicode_ci NULL DEFAULT NULL,
  `MSKH` int(11) NULL DEFAULT NULL,
  PRIMARY KEY (`MaDC`) USING BTREE,
  INDEX `MSKH`(`MSKH`) USING BTREE,
  CONSTRAINT `fk_MSKH_KhachHang_DiaChi` FOREIGN KEY (`MSKH`) REFERENCES `khachhang` (`MSKH`) ON DELETE RESTRICT ON UPDATE RESTRICT
) ENGINE = InnoDB AUTO_INCREMENT = 387 CHARACTER SET = utf8mb4 COLLATE = utf8mb4_unicode_ci ROW_FORMAT = DYNAMIC;

-- ----------------------------
-- Records of diachikh
-- ----------------------------
INSERT INTO `diachikh` VALUES (1, '39 Phố Khổng Khánh Lễ, Xã 2, Huyện 2 Cần Thơ', 126);
INSERT INTO `diachikh` VALUES (2, '76 Phố Thập, Ấp Võ Cát, Quận Thọ Tạ Đà Nẵng', 127);
INSERT INTO `diachikh` VALUES (3, '69 Phố Kha Việt Luận, Phường Thi Trạch, Quận Triệu Yên Bái', 128);
INSERT INTO `diachikh` VALUES (4, '9002, Ấp Diệp Thạch, Xã 1, Huyện Cổ Khiêm Huy Bắc Ninh', 129);
INSERT INTO `diachikh` VALUES (5, '2609, Thôn Võ Minh, Phường 0, Quận Trình Tuyết Hải Dương', 130);
INSERT INTO `diachikh` VALUES (6, '220 Phố Nhữ Đăng Đại, Thôn Mẫn Hội, Quận Mộc Trà Vinh', 131);
INSERT INTO `diachikh` VALUES (7, '16, Thôn Thiện Mẫn, Xã 2, Huyện Bạch Mạc Hà Giang', 132);
INSERT INTO `diachikh` VALUES (8, '50, Ấp 0, Xã 8, Huyện Cao Lào Cai', 133);
INSERT INTO `diachikh` VALUES (9, '109, Ấp Thiên Vọng, Ấp Thịnh Kha, Quận Phùng Xuân Lâm Đồng', 134);
INSERT INTO `diachikh` VALUES (10, '70 Phố Đinh Ánh Viên, Phường Thái, Huyện Linh Hồ Cần Thơ', 135);
INSERT INTO `diachikh` VALUES (11, '9, Thôn Ngụy, Phường Đôn Bảo, Quận Khương Thái Tường Lạng Sơn', 136);
INSERT INTO `diachikh` VALUES (12, '851 Phố Tông Châu Đăng, Phường 2, Huyện 03 Đắk Lắk', 137);
INSERT INTO `diachikh` VALUES (13, '14, Ấp Võ Vịnh Kha, Phường 4, Huyện Tiển Vĩnh Phúc', 138);
INSERT INTO `diachikh` VALUES (14, '46 Phố Thào Võ Thịnh, Xã 2, Quận 66 Hà Nội', 139);
INSERT INTO `diachikh` VALUES (15, '52, Thôn Ấu Khiêm Quyên, Phường Giáp, Huyện Hàn Đắk Lắk', 140);
INSERT INTO `diachikh` VALUES (16, '1 Phố Nhân, Xã Bảo Thống Sương, Quận Huỳnh Hà Nội', 141);
INSERT INTO `diachikh` VALUES (17, '0 Phố Thạch, Phường Đan Lại, Quận 8 Trà Vinh', 142);
INSERT INTO `diachikh` VALUES (18, '52 Phố Thúy, Phường 14, Quận Lợi Yên Thái Bình', 143);
INSERT INTO `diachikh` VALUES (19, '876 Phố Hàn Hoa Nga, Xã Bình, Huyện Lạc Lương Yên Bái', 144);
INSERT INTO `diachikh` VALUES (20, '226 Phố Nhậm Thắm Hạnh, Phường Tạ Cường Pháp, Huyện Đan Phú Thọ', 145);
INSERT INTO `diachikh` VALUES (21, '5 Phố Đào, Phường Huyền Ý, Huyện Phi Kon Tum', 146);
INSERT INTO `diachikh` VALUES (22, '865, Ấp Lộc Trác, Phường Bình Bích, Quận Chi Nhi Nam Định', 147);
INSERT INTO `diachikh` VALUES (23, '3364 Phố Cổ Lĩnh Khánh, Ấp Xa Lâm, Huyện 8 Cần Thơ', 148);
INSERT INTO `diachikh` VALUES (24, '403 Phố Lỳ Oanh Bào, Phường Hằng Cường, Huyện An Quách Đà Nẵng', 149);
INSERT INTO `diachikh` VALUES (25, '2, Thôn 84, Phường Đoàn Đoàn Cát, Huyện Huyền Dương Hưng Yên', 150);
INSERT INTO `diachikh` VALUES (26, '3373 Phố Ngô, Phường 14, Quận Thịnh Nam Định', 151);
INSERT INTO `diachikh` VALUES (27, '08, Ấp Mai, Thôn Nhung Lộc, Huyện Huỳnh Điện Biên', 152);
INSERT INTO `diachikh` VALUES (28, '4 Phố Sử Thương Du, Ấp Âu Vinh, Huyện Khê Băng Hải Phòng', 153);
INSERT INTO `diachikh` VALUES (29, '5 Phố Kính, Xã Tiển, Huyện Nhã Tiền Bạc Liêu', 154);
INSERT INTO `diachikh` VALUES (30, '6602, Ấp Thục Mỹ, Phường Hoan Vi, Quận Kha Chưởng Điện Biên', 155);
INSERT INTO `diachikh` VALUES (376, '154B, Phạm Hùng, Vĩnh Long', 276);
INSERT INTO `diachikh` VALUES (377, 'Đại học Cần Thơ', 276);
INSERT INTO `diachikh` VALUES (386, 'Ninh Kiều Cần Thơ', 281);

-- ----------------------------
-- Table structure for hanghoa
-- ----------------------------
DROP TABLE IF EXISTS `hanghoa`;
CREATE TABLE `hanghoa`  (
  `MSHH` int(11) NOT NULL AUTO_INCREMENT,
  `TenHH` varchar(255) CHARACTER SET utf8mb4 COLLATE utf8mb4_unicode_ci NOT NULL,
  `QuyCach` varchar(255) CHARACTER SET utf8mb4 COLLATE utf8mb4_unicode_ci NULL DEFAULT NULL,
  `Gia` decimal(10, 0) NOT NULL,
  `SoLuongHang` int(11) NOT NULL,
  `MaLoaiHang` int(11) NOT NULL,
  `GhiChu` text CHARACTER SET utf8mb4 COLLATE utf8mb4_unicode_ci NULL,
  `Hinh1` varchar(255) CHARACTER SET utf8mb4 COLLATE utf8mb4_unicode_ci NULL DEFAULT NULL,
  `Hinh2` varchar(255) CHARACTER SET utf8mb4 COLLATE utf8mb4_unicode_ci NULL DEFAULT NULL,
  `Hinh3` varchar(255) CHARACTER SET utf8mb4 COLLATE utf8mb4_unicode_ci NULL DEFAULT NULL,
  PRIMARY KEY (`MSHH`) USING BTREE,
  INDEX `MaLoaiHang`(`MaLoaiHang`) USING BTREE,
  CONSTRAINT `fk_MaLoaiHang_MaLoai_LoaiHang` FOREIGN KEY (`MaLoaiHang`) REFERENCES `loaihanghoa` (`MaLoaiHang`) ON DELETE RESTRICT ON UPDATE CASCADE
) ENGINE = InnoDB AUTO_INCREMENT = 250 CHARACTER SET = utf8mb4 COLLATE = utf8mb4_unicode_ci ROW_FORMAT = DYNAMIC;

-- ----------------------------
-- Records of hanghoa
-- ----------------------------
INSERT INTO `hanghoa` VALUES (160, 'Bạn Là Những Gì Bạn Ăn 6 Tháng Trước', 'Sách', 24000, 126, 1, 'Con người được tạo thành bởi 60 nghìn tỷ tế bào. Bạn hãy thử hình dung cơ thể con người là chiếc hộp nhựa trong suốt. Bản thân chiếc hộp có nhiều hình dạng khác nhau như hộp to, hộp bé, hộp nhỏ xíu,... Tế bào tụ lại trong đó chính là bạn. Trung bình cứ khoảng nửa năm, tất cả các tế bào sẽ thay đổi một lần. Và đồ ăn chính là thứ kết tinh nên những tế bào ấy. Ngoài những thứ bản thân đã ăn, không nguyên liệu nào có thể hình thành cơ thể bạn được. Tóm lại, có thể nói: những thứ bạn ăn 6 tháng trước sẽ tạo nên cơ thể của bạn trong nửa năm sau. Tay, chân, xương, hệ thần kinh và kể cả não - tất cả đều được tạo ra bởi đồ ăn. Bây giờ, nếu thể trạng của bạn giảm sút triền miên thì có lẽ nguyên nhân nằm ở những thứ bạn đã ăn trong nửa năm trước. Bây giờ, nếu công việc hiện tại của bạn không suôn sẻ, cũng có thể nói nguyên nhân nằm ở thói quen sinh hoạt ăn uống của bạn nửa năm trước. Tế bào trong não bộ cũng được hình thành bởi đồ ăn, nên tế bào não tốt sẽ tạo ra những từ ngữ hay và tư duy, ý tưởng xuất chúng. Mà tế bào não tốt lại hình thành bởi đồ ăn tốt. Nếu suy nghĩ theo cách này, nói ngay cả trái tim cũng được hình thành từ đồ ăn cũng không phải là nói quá. Nếu bạn muốn có một cuộc đời hạnh phúc, thì việc ăn gì và như thế nào cũng quan trọng không kém việc sống thế nào, làm việc ra sao! Nên sẽ chẳng có gì đáng ngạc nhiên, nếu một chuyên gia dinh dưỡng như Aya Murayama có thể mở tủ lạnh của bạn ra, và nói cho bạn biết bạn là người thế nào. Đừng ăn, chỉ trong trạng thái vô thức. Hãy ăn, với tất cả sự hiểu biết để từ giờ trở đi, bạn sẽ có được THẺ VÀNG sức khỏe suốt đời.', '34.jpg', '34.1.jpg', '34.2.jfif');
INSERT INTO `hanghoa` VALUES (161, 'Bí kíp nấu ăn - Lăn vào bếp', 'Sách', 164000, 124, 3, 'Nấu ăn với người này là một góc yêu thương, là thư giãn, là tài năng hay sở thích. Nhưng đối với nhiều người thì nấu ăn là cả một Thử Thách Khó Khăn hay Nỗi Kinh Hoàng Khó Nói. Làm thế nào để công việc nấu ăn trở nên dễ thở hơn với những người không có năng khiếu hay lười biếng, hoặc vừa lười vừa thường gây thảm họa (như cánh họa sĩ chẳng hạn)? Đừng lo, câu hỏi đó không còn là câu hỏi tu từ nữa mà đã có lời giải đáp cho bạn ngay ở đây. Mọi thứ liên quan đến bếp núc đều có bí quyết riêng để xử lý, nếu bạn nắm được những bí quyết nho nhỏ này thì hãy an tâm là bạn đã thành công một phần rồi đó. Phần còn lại phụ thuộc vào quyết tâm (hay lý do!?) lăn vào bếp của bạn. Dù bạn học nấu ăn vì bị ép buộc, bị cưỡng chế, bị dụ dỗ, hay rảnh quá nên nghía chơi chút, hay bất cứ lý do nào, hãy cùng biến công cuộc vào bếp thành những khám phá thú vị và mới lạ. Cùng trải nghiệm những mẹo vặt nấu nướng, những công thức nấu ăn đơn giản và những loại thực phẩm cải thiện tính cách có trong “Bí kíp nấu ăn: Lăn vào bếp” của hai họa sĩ siêu lười, siêu đoảng của Cloud Pillow Studio. Một cuốn sách dễ thương, đầy màu sắc, vui nhộn, thú vị, bổ ích và cần có trên giá sách, bên kệ bếp và trên bàn ăn của bạn. Một cuốn sách nấu ăn bằng tranh dành cho những người không biết nấu ăn, của hai cô nàng không biết nấu ăn. ', '35.jpg', NULL, NULL);
INSERT INTO `hanghoa` VALUES (162, 'Bí Kíp Tâm Lý Từ Những Chuyên Gia Kỳ Cựu (100 Trích Dẫn Thần Thánh)', 'Sách', 40000, 122, 6, 'Dường như mỗi cá nhân đều được tạo ra để trở nên bí ẩn với người khác. Vậy nên ngành tâm lý học ra đời để vén bức màn bí ẩn đó, tìm hiểu bản chất, cách vận hành và sức mạnh của tâm trí con người. \"Bí Kíp Tâm Lý Từ Những Chuyên Gia Kỳ Cựu (100 Trích Dẫn Thần Thánh)\" sẽ dẫn lối cho bạn đọc theo những tuyến chủ đạo của bộ môn tâm lý học, đi theo những nhánh chính, băng qua những góc chính đầy màu sắc và tiến cả vào những vùng chưa được mấy ai khám phá. Hành trình này sẽ bao gồm cả những quan điểm có thể gây tranh cãi và việc chúng xuất hiện trong cuốn sách này không đồng nghĩa với việc ủng hộ. Cộng đồng tâm lý học từ lâu đã nhận thức được rằng những phương pháp khoa học của họ không thể chặt chẽ tuyệt đối và kết quả là một số không nhỏ những hiện tượng tâm lý hay ho hoặc vốn được công nhận nay đã bị hạ bệ hoặc đang suy yếu. Một trăm trích dẫn là không đủ để trình bày một cách công bằng về mọi nhân vật đã góp phần xây dựng nên ngành tâm lý học và mọi hiện tượng thú vị mà họ đã khám phá ra. Tuy thế cuốn sách này cũng sẽ cố gắng để tìm hiểu về những vấn đề quan trọng nhất trong ngành, thông qua lời của những nhà tư tưởng quan trọng nhất. Cuốn sách gồm 100 trích dẫn đến từ những chuyên gia kỳ cựu về lĩnh vực tâm lý học, cuốn sách sẽ giúp bạn đặt chân vào một trong những lĩnh vực khoa học kỳ diệu nhất, nhằm giải mã con người, đồng thời khám phá chính bản thân mình. Sau mỗi trích dẫn cuốn sách còn có thêm xuất xứ và chủ nhân của câu trích dẫn.', '36.jpg', NULL, NULL);
INSERT INTO `hanghoa` VALUES (163, 'Bí Mật Của Naoko', 'Sách', 265000, 138, 3, 'Cuộc sống của Hirasule trôi qua hết sức bình lặng, cho đến một ngày tai nạn giao thông khủng khiếp xảy ra và gã mất đi người vợ yêu quý nhất của mình, còn đứa con gái bé bỏng vẫn trong tình trạng hôn mê bất tỉnh. Sau vụ tai nạn, người vợ tưởng đã mất của Hirasule lại tỉnh dậy trong thân xác cô con gái mới 12 tuổi của hai người. Để rồi cả câu chuyện, người đọc vẫn day dứt với câu hỏi Hirasule tự hỏi mình: anh đã mất vợ hay con gái trong vụ tai nạn ấy? Đang có cuộc sống bình dị cùng người vợ đảm đang và cô con gái ngoan ngoãn bỗng nhiên tai họa ập xuống khiến Hirasule rơi vào một tình huống oái oăm. Anh sẽ phải hành xử như thế nào đây. Nếu anh coi người tỉnh dậy là vợ mình, liệu hai người có thể  thân mật như vợ chồng khi vợ anh lại ở trong cơ thể cô con gái bé bỏng. Đã có lúc người đọc lo sợ có tình tiết loạn luân trong câu chuyện. Còn coi đó là con gái mình, và bắt đầu cuộc sống hôn nhân với người phụ nữ khác thì người vợ ‘không thể lộ diện” kia của anh sẽ như thế nào? Để rồi anh cứ sống trong sự giày vò của một người đàn ông đang trong độ tuổi sung mãn, sau đó lại là sự ghen tuông khi Naoko trong cơ thể con gái bắt đầu trưởng thành ra dáng thiếu nữ và có những mối quan hệ riêng. Hirasule có phải là người cao thượng khi anh không đi bước nữa với người khác  - sống như một ông bố độc thân nuôi con gái ăn học, đồng hành cùng Naoko thực hiện ước mơ của cô, lý giải cho điều này anh nói một câu đơn giản với vợ: “Bởi vì anh có Naoko rồi”. Hay anh là người ích kỷ khi giữ Naoko cho riêng mình, ngăn cản cô có cuộc sống riêng. ', '37.jpg', '37.1.jpg', '37.2.jfif');
INSERT INTO `hanghoa` VALUES (164, 'Bí Mật Của Phan Thiên Ân', 'Sách', 40000, 123, 2, 'Những bài học về tinh thần, tâm linh và trí tuệ đã được chính tiến sĩ Alan Phan chấp bút và phỏng tác lại theo nguyên tác của cuốn sách vô giá theo thời gian “Người bán hàng vĩ đại nhất thế giới” của Og Mandino. Lối viết dung dị, đơn giản: dùng một câu chuyện với bối cảnh thân thuộc và mười tờ kinh để thắp nên những bài học thay đổi cuộc đời – tất cả sẽ làm nên những sự thay đổi “diệu kì” khi ta áp dụng triệt để. Trong cuốn sách người đọc sẽ tìm thấy nhiều bất ngờ thú vị về việc khám phá chính bản thân và sức mạnh nội tại của mình qua ngòi bút “không kinh tế” và đầy tính “triết lý nhân sinh” của một “triết gia doanh nhân” bậc thầy Alan Phan. “Con đường để đạt được thành công và giàu có đều có những thử thách. Và để thành công hay giàu có cần phải có kinh nghiệm và bí quyết. Tất cả những công thức thành công, hạnh phúc, bình an và tiền bạc của những người giàu nhất thế giới sẽ được gói gọn trong cuốn sách này qua 10 tờ kinh. Mỗi tờ kinh là những lời chỉ dạy của tiền nhân, chứa đựng một nguyên lý, một định luật, một sự thực căn bản mà người đọc phải thấu hiểu và ghi khắc vào tiềm thức. Khi bạn đã đưa những nguyên lý này vào tận bản năng, bạn sẽ có quyền lực để thâu lượm tất cả sự giàu sang mà bạn muốn.”', '38.jpg', '38.1.jpg', NULL);
INSERT INTO `hanghoa` VALUES (165, 'Biện Hộ Cho Một Nền Giáo Dục Khai Phóng', 'Sách', 207000, 131, 1, 'Tiến sĩ Nguyễn Xuân Xanh viết lời giới thiệu cho quyển sách Biện hộ cho một nền giáo dục khai phóng của tác giả người Ấn Độ Fereed ZakaRia bằng việc trích câu: “Giáo dục có thể cho bạn một kỹ năng, nhưng giáo dục khai phóng có thể đem lại cho bạn phẩm giá” - của nhà văn Ellen Key. Giáo dục khai phóng là một lĩnh vực rộng, bao gồm những môn học không phải thuần kỹ thuật, hay khoa học... Nó nhằm đào tạo con người toàn diện, phát triển nhiều khả năng, tạo nền tri thức rộng, tạo ý thức lịch sử, nhân loại, để làm công dân, làm người văn hóa, hơn là một chuyên gia trong một lĩnh vực chuyên môn. Theo John Stuart Mill: “Đại học không phải là chỗ của giáo dục nghề nghiệp. Mục tiêu của giáo dục Đại học không phải tạo ra các luật gia, bác sĩ hay kỹ sư có kỹ năng, mà tạo ra những con người có năng lực (tư duy) và có văn hóa”. Hay nhà giáo dục Pestalozzi cũng từng cho rằng: “Mục đích của giáo dục và giảng dạy không khác gì hơn là sự phát triển hài hòa của những năng lực và sức mạnh trong bản chất con người”. Tác giả dành một chương để “biện hộ cho tuổi trẻ ngày nay” không chọn các môn học/ngành học khai phóng vì: “Tất cả chúng ta cả già lẫn trẻ không đủ thời gian và công sức để suy nghĩ về ý nghĩa cuộc đời. Chúng ta không nhìn vào bên trong bản thân đủ mức độ để hiểu những điểm mạnh và điểm yếu của mình và chúng ta không nhìn xung quanh, nhìn ra thế giới, nhìn vào lịch sử đủ mức độ để nêu những câu hỏi sâu sắc nhất và bao quát nhất”. Rồi F. Zakaria nêu giải pháp: “Ngay cả bây giờ, tất cả chúng ta có thể sử dụng nền giáo dục khai phóng nhiều hơn một chút để làm người lao động tốt, giúp chúng ta trở thành những người đối tác, bạn bè, cha mẹ và người công dân tốt”.', '39.jpg', NULL, NULL);
INSERT INTO `hanghoa` VALUES (166, 'Big Data', 'Sách', 256000, 126, 5, 'What is Big Data, and why should you care? Big data knows where you\'ve been and who your friends are. It knows what you like and what makes you angry. It can predict what you\'ll buy, where you\'ll be the victim of crime and when you\'ll have a heart attack. Big data knows you better than you know yourself or so it claims. But how well do you know big data? You\'ve probably seen the phrase in newspaper headlines, at work in a marketing meeting or on a fitness-tracking gadget. But can you understand it without being a Silicon Valley nerd who writes computer programs for fun? Yes. Yes, you can. Timandra Harkness writes comedy, not computer code. The only programmes she makes are on the radio. If you can read a newspaper you can read this book. Starting with the basics - what IS data? And what makes it big? - Timandra takes you on a whirlwind tour of how people are using big data today: from science to smart cities, business to politics, self-quantification to the Internet of Things. Finally, she asks the big questions about where it\'s taking us; is it too big for its boots, or does it think too small? Are you a data point or a human being? Will this book be full of rhetorical questions? No. It also contains puns, asides, unlikely stories and engaging people, inspiring feats and thought-provoking dilemmas. Leaving you armed and ready to decide what you think about one of the decade\'s big ideas: big data.', '40.jpg', NULL, NULL);
INSERT INTO `hanghoa` VALUES (167, 'Bố Già', 'Sách', 156000, 126, 6, 'Thế giới ngầm được phản ánh trong tiểu thuyết Bố Già là sự gặp gỡ giữa một bên là ý chí kiên cường và nền tảng gia tộc chặt chẽ theo truyền thống Mafia xứ Sicily với một bên là xã hội Mỹ nhập nhằng đen trắng, mảnh đất màu mỡ cho những cơ hội làm ăn bất chính hứa hẹn những món lợi kếch xù. Trong thế giới ấy, hình tượng Bố Già được tác giả dày công khắc họa đã trở thành bức chân dung bất hủ trong lòng người đọc. Từ một kẻ nhập cư tay trắng đến ông trùm tột đỉnh quyền uy, Don Vito Corleone là con rắn hổ mang thâm trầm, nguy hiểm khiến kẻ thù phải kiêng nể, e dè, nhưng cũng được bạn bè, thân quyến xem như một đấng toàn năng đầy nghĩa khí. Nhân vật trung tâm ấy đồng thời cũng là hiện thân của một pho triết lí rất “đời” được nhào nặn từ vốn sống của hàng chục năm lăn lộn giữa chốn giang hồ bao phen vào sinh ra tử. Với kết cấu hoàn hảo, cốt truyện không thiếu những pha hành động gay cấn, tình tiết bất ngờ và không khí kình địch đến nghẹt thở, Bố Già xứng đáng là đỉnh cao trong sự nghiệp văn chương của Mario Puzo, vì thế mà có ý kiến cho rằng “Bố Già là sự tổng hòa của mọi hiểu biết. Bố Già là đáp án cho mọi câu hỏi”.', '41.jfif', '41.1.jpg', '41.2.png');
INSERT INTO `hanghoa` VALUES (168, 'Bộ Sách Nhỏ Về Tâm Lý - Tâm Lý Học Nói Gì Về Truyền Thông Xã Hội?', 'Sách', 115000, 131, 4, 'Chúng ta có thật sự đang là chính mình trên mạng xã hội không? Kết nối với những người chúng ta không mấy quen biết có ích lợi gì không? Tại sao một số người lại chia sẻ quá nhiều trên các trang mạng xã hội. “Tâm lý học về truyền thông xã hội?” sẽ tìm hiểu một phần không nhỏ của đời sống hằng ngày được thể hiện thế nào trên không gian mạng, và điều này tác động ra sao đến danh tính, hạnh phúc và các mối quan hệ của chúng ta. Cuốn sách không chỉ xem xét cách mà các hồ sơ trực tuyến, mối quan hệ, cập nhật trạng thái và ảnh được chia sẻ trên mạng thể hiện cá tính và thiết lập các mối quan hệ mới. Mà còn nêu bật lên những cạm bẫy tiềm ẩn trên mạng xã hội, bao gồm các vấn đề quyền riêng tư, sự giải phóng ức chế mạng, bạo lực ngôn từ hay vi phạm đạo đức và pháp lý khi chia sẻ thông tin,… Từ hội chứng FOMO đến hiện tượng Fraping, từ các tweet ngầm đến ảnh tự sướng, “Tâm lý học về truyền thông xã hội?” cho thấy mạng xã hội đã phát triển một thế giới giao tiếp mới, và cho dù tốt hay xấu thì chắc chắn nó sẽ tiếp tục là một phần không thể thiếu trong cách chúng ta nhìn nhận bản thân.', '42.jpg', '42.1.jfif', NULL);
INSERT INTO `hanghoa` VALUES (169, 'Bộ Tột Cùng Hạnh Phúc', 'Sách', 153000, 133, 5, 'Ở “Bộ tột cùng hạnh phúc” ta thấy những kiếp người đầy bất hạnh, nhưng ta cũng thấy “cơn đau đẻ kéo dài” để sản sinh tự do, thứ tự do mê hoặc, thứ tự do mà vì nó, người ta bất chấp tất cả. Chuốt những sợi tơ vò số phận của những con người bên lề xã hội, Arundhati Roy đã khéo léo dệt nên những câu chuyện lớp lang đan xen về đẳng cấp, tôn giáo, bản sắc giới tính, xung đột chính trị - cõi trần thế trần trụi và đầy khổ đau. Ấn Độ dưới ngòi bút của Roy không chỉ là một quốc gia với vốn văn hóa lâu đời, đặc sắc; một vùng đất hoang sơ với cảnh quan ngoạn mục, những công trình nguy nga tráng lệ; chốn hoa lệ với những cô gái, chàng trai xinh đẹp khoác tấm áo sặc sỡ mà đó còn là đất nước của chênh lệch đẳng cấp, xung đột tôn giáo, bạo động chính trị, kỳ thị giới tính... “Bộ tột cùng hạnh phúc” là thiên sử thi về xã hội Ấn Độ phi lý tân thời: hỗn loạn, mâu thuẫn, bạo lực, bất công, điên rồ và vô lý, nó vừa là một chuyện tình bi thương vừa là lời phản kháng quyết liệt. Giọng văn của Roy khi tỉ tê, khi lớn tiếng, khi nghẹn ngào, và có khi với cả tiếng cười, cùng với thủ pháp khéo léo Roy đã dệt nên những câu chuyện đan xen về đẳng cấp và tôn giáo, về bản sắc giới tính và xung đột chính trị - nhân vật chính là những thân phận bị hủy hoại, thế giới quan tan vỡ, những con người bên lề xã hội đang cố tìm cho một chỗ đứng. Cuốn tiểu thuyết tuy viết về hiện thực bất ổn, nhưng lại đem cho người ta những hy vọng về tình yêu, và những ngày đen tối nhất rồi cũng sẽ qua đi, ngày mai bao giờ cũng tới, tình yêu sẽ đến với những ai vẫn hy vọng dù đã từng thất vọng, vẫn tin tưởng dù từng bị phản bội, vẫn yêu thương dù từng bị tổn thương. ', '43.png', '43.1.jpg', NULL);
INSERT INTO `hanghoa` VALUES (170, 'Body atlas', 'Sách', 177000, 130, 2, 'Tiêu chuẩn vàng tuyệt hảo suốt 25 năm qua, Atlas Giải Phẫu Người cung cấp các bản vẽ mô tả về cơ thể con người bằng các chi tiết rõ ràng dễ hiểu, tất cả đều dựa trên phối cảnh của bác sĩ lâm sàng... Với chi tiết nhấn mạnh vào mối quan hệ giải phẫu học và các quan điểm tương quan có tính lâm sàng. Công trình của Bác sĩ Netter cung cấp đầy đủ thuật ngữ từ vựng minh họa mạch lạc giúp cho việc nắm bắt và áp dụng trong lĩnh vực y khoa giải phẫu học ngày nay. Trong cuốn sách y học này, những hình ảnh X-quang, hình ảnh chụp cắt lớp điện toán, mạch đồ cắt lớp điện toán và cộng hưởng từ được bổ sung, điều đó phản ảnh tầm quan trọng của hình ảnh học chuẩn đoán đối với giải phẫu lâm sàng và y học. Trong lần xuất bản này 60 trang hình được sửa đổi để thể hiện sự liên quan giải phẫu chính xác hơn, 320 trang hình được chú thích lại và có thêm các trang hoàn toàn mới. Những chế tác nghệ thuật tuyệt vời cho ấn bản này đã được sáng tác bởi bác sỹ Carlos A.G.Machado, người đã tham gia vào các minh họa của Netter hơn 11 năm. Thuật ngữ giải phẫu, các thuật ngữ lâm sàng cũng được cập nhật mới nhất và tên riêng thường được sử dụng cũng được thêm. Thiên tài thể hiện trong các bức vẽ của Netter là ở chỗ Giải phẫu học được khắc họa một cách rõ nét, chân thực và có thể liên hệ được với lâm sàng mà vẫn giữ được cân bằng giữa sự phức tạp và tối giản. Cuối cùng, một số trang hình thích hợp được sắp xếp thành những trang đôi để tạo điều kiện dễ dàng cho sự so sánh, đối chiếu những yếu tố liên quan được minh họa. Những bức vẽ nguyên bản đẹp mắt được sáng tác bởi Carlos Machado minh họa những cấu trúc có ý nghĩa lâm sàng đặc biệt như: khớp móc - đốt sống của các đốt sống cổ, các tĩnh mạch đốt sống và các tĩnh mạch phức tạp của mắt,…đã thể hiện sự chính xác giải phẫu nhưng không kém phần nghệ thuật và sự hấp dẫn thị giác là vô song. Vùng này cũng bao gồm một cách xúc tích hệ thống thần kinh trung ương, kể cả các dây thần kinh sọ và các đường dẫn truyền quan trọng. Trong phần vùng Lưng, có một trang hình mới minh họa cách gây tên ngoài màng cứng thắt lưng cũng như vị trí chọc dò tủy sống thắt lưng. Thần kinh tự chủ thường được xem như một \"khúc xương khó nuốt\" đối với nhiều sinh viên. Thì nay, những bức vẽ mới tuyệt vời về hệ thần kinh tự chủ của bác sỹ Machado có thể là giải pháp khắc phục cho khái niệm khó khăn này.   ', '44.jpg', NULL, NULL);
INSERT INTO `hanghoa` VALUES (171, 'Bốn thoả ước', 'Sách', 127000, 131, 1, 'Được xem là những chứng nghiệm của Don Miguel Ruiz về tồn tại và hạnh phúc của con người, cuốn sách đã đưa đến những dẫn giải và thực hành cơ bản nhất để đạt tới tự do tinh thần cũng như sự khai phóng cá nhân với những quan điểm rất gần với tư tưởng Phật giáo. Theo Don Miguel Ruiz, xã hội duy lý có tổ chức cần thiết để duy trì đời sống của cộng đồng, tuy nhiên với những luật định và giá trị (áp đặt) luôn có nguy cơ thoái hóa và bị lợi dụng, xã hội đó lại chính là “địa ngục”, “biển khổ trần gian” ngăn cản con người trở về với chân tính, với niềm vui sống đích thực của mình. Từ đó, Don Miguel Ruiz đã đưa ra ba thỏa ước khởi đầu: Không phạm tội với lời nói của bạn - được hiểu là không dễ dãi, máy móc lặp lại những quan niệm và thành kiến của mọi người xung quanh khi nhìn nhận một vấn đề hay con người nào đó, hoặc khi đánh giá chính mình;Không vơ mọi chuyện vào mình - là không ngộ nhận, không có sự đánh giá nào từ bên ngoài lại thực sự phù hợp với bạn và có thể tác động lên chính cuộc sống của bạn; Không giả định, phỏng đoán - vì giả định, phỏng đoán thực chất cũng chỉ là lặp lại những thiên kiến, thành kiến sẵn có về sự vật, nó không thể cho bạn biết ý nghĩa đích thực của điều đang diễn ra. Với ba thỏa ước trên, tác giả nhằm nhấn mạnh vào mối quan hệ cá nhân với cộng đồng, trong đó đề cao bản lĩnh cá nhân, chủ kiến, lòng tự tin, trung thực mà thực chất là sự quay về với con người độc lập, với bản tính tự nhiên sẵn có một cách có ý thức. Cuối cùng là thỏa ước thứ tư Hãy làm hết khả năng của mình như là nguyên lý thực hành căn bản để khai phóng “cái tôi” của con người.', '45.jfif', '45.1.jpg', NULL);
INSERT INTO `hanghoa` VALUES (172, 'Boxet Sách Tâm Lý Học Trong Nháy Mắt (6 tập)', 'Sách', 34000, 75, 1, '“Tâm lý học trong nháy mắt” là series sách giới thiệu chung về Tâm lý học. Thay bằng việc học thuộc lòng, “vò đầu bứt tai” với mớ lý thuyết và từ chuyên môn, cuốn sách giúp bạn tìm hiểu, ghi nhớ và áp dụng chúng một cách dễ dàng và thú vị. Sách được trình bày với hình minh họa sinh động giúp trí tưởng tượng của bạn “bay cao, bay xa”. Bạn mong muốn gặt hái thành quả? Bạn hy vọng có thể mở rộng mối quan hệ xã hội, làm quen được với nhiều người? Vậy bạn có từng nghe đến câu “Biết người biết ta trăm trận trăm thắng”? Thế nên, cho dù bạn muốn làm gì, mơ ước của bạn như thế nào, thì bạn cũng cần hiểu rõ bản thân có gì và đoán đầu những thứ đối thủ đang sở hữu. Chẳng đâu xa xôi, bộ sách “Tâm lý học trong nháy mắt” sẽ giúp bạn nắm bắt được bản thân và đọc vị người khác, thẳng tiến trên con đường đã vạch ra trước mắt. Cuộc sống vốn dĩ nhiều trở ngại, bập bênh không cân bằng, nhưng bạn vẫn phải sống và sống tốt hơn nữa. Tâm lý vững như là một thứ vũ khí lợi hại giúp bạn đương đầu với nó. Thế nên, chẳng cần bận tâm bạn là ai, bạn đang nắm giữ nhiệm vụ gì, chỉ cần bạn có khát khao hạnh phúc, thì “Tâm lý học trong nháy mắt” chắc hẳn dành cho bạn.', '46.jpg', NULL, NULL);
INSERT INTO `hanghoa` VALUES (173, 'Bức Thư Của Người Đàn Bà Không Quen', 'Sách', 299000, 128, 2, 'Cuốn sách gồm 2 truyện vừa của văn hào Áo Stefan Zweig, “Bức thư của người đàn bà không quen” và “24 giờ trong đời một người đàn bà”, đều đã được dựng thành phim. Bên cạnh nguyên tác văn học, cuốn sách còn cung cấp thông tin và hình ảnh đẹp về các bộ phim làm theo hai câu chuyện đầy bi kịch về tình yêu đơn phương không được đền đáp của những người phụ nữ. Không phải ngẫu nhiên mà cuốn sách gồm 2 truyện vừa đều về những mối tình đầy bi kịch của phụ nữ liên quan đến giới thượng lưu châu Âu đầu thế kỷ 20. “Bức thư của người đàn bà không quen” được viết dưới dạng một lá thư của một người phụ nữ gửi cho nhà văn R., người mà cô say mê suốt cả cuộc đời. Bức thư được gửi đến cũng là bức thư tuyệt mệnh của cô, vì thế chất chứa nỗi đau của một người đã yêu đơn phương. Sự si mê của người đàn bà từ lúc là thiếu nữ đến lúc trải qua thăng trầm của đời đối với nhân vật nhà văn vốn không hề nhận ra cô dường như quá cực đoan. Nhưng đó chính là điểm mạnh của Zweig khi khai thác tận cùng chiều sâu tâm lý phụ nữ và lòng khao khát yêu thương của họ. “24 giờ trong đời một người đàn bà” cũng vậy, là hồi ức của một người phụ nữ lớn tuổi kể về mối quan hệ tình cờ và kỳ dị với một chàng trai mê cờ bạc. Giằng co giữa niềm tin đạo đức và sự tha hóa của con người, những nhân vật trong truyện dường như tuyệt vọng trong việc chiến thắng định mệnh, để rồi số phận đẩy đưa đến những lối rẽ không dừng được. Qua 2 truyện vừa trên, Stefan Zweig xứng đáng là nhà văn được tìm đọc vào loại nhiều nhất suốt hơn một thế kỷ qua. ', '47.jpg', NULL, NULL);
INSERT INTO `hanghoa` VALUES (174, 'Buddhism plain and simple', 'Sách', 40000, 119, 5, 'In Buddhism Plain and Simple, Zen priest and longtime teacher Steve Hagen presents the heart of Buddhist teachings, pared down to its essence and explained in simple, everyday language. This best-selling book is the perfect guide to Buddhism for beginners; the text has served international readers at all levels of study and practice since it was originally published over a decade ago. More than 300,000 copies in various formats have sold to date, and now it\'s available in this brand new edition with a high-quality binding and paper, as well as elegant decorative illustrations scattered throughout. Practiced by more than 1.2 million Americans and 2-3 million Europeans, Buddhism has become one of the West\'s largest religions. Whether you\'re simply interested in learning more about Buddhist philosophy, or hope to begin practicing but don\'t know where to start, Buddhism Plain and Simple will help you on your way. \"This is a book about awareness. Not awareness of something in particular, but awareness itself—being awake, alert and in touch with what is actually happening. It\'s about examining and exploring the most basic questions of life. It\'s about relying on the immediate experience of this present moment. It\'s about freedom of mind. It\'s not about belief, doctrine, formula, or tradition.\" ', '48.jpg', NULL, NULL);
INSERT INTO `hanghoa` VALUES (175, 'Bụi Sao', 'Sách', 93000, 124, 5, 'Đến tuổi cập kê, Tristran Thorn đem lòng si mê một thiếu nữ xinh đẹp trong ngôi làng Bức Tường nơi anh lớn lên. Vì lời hứa sẽ cùng cô sánh vai trong thánh đường, chàng trai trẻ khăn gói lên đường tiến vào Xứ Tiên để tìm một ngôi sao băng từ trên trời rơi xuống. Chuyến phiêu lưu ở xứ sở kỳ lạ, rùng rợn mà đầy nhiệm màu đã xoay chuyển con người và thế giới quan của Tristran theo những cách anh chưa từng ngờ đến, biến anh thành một người hùng chân chính trong câu chuyện của mình. Cổ quái và nhân văn, đen tối và giàu cảm xúc, “Bụi sao” đem đến vô khối những câu chuyện chưa kể đằng sau cuộc hành trình tầm mộng của một vị anh hùng trẻ tuổi, cốt để chứng tỏ rằng chuyện thần tiên thực chất cũng dành cho người lớn. “Bụi sao” quả thực là một câu chuyện không bình thường nhưng lại đầy phép màu và những điều kỳ diệu. Ta có thể thấy Nữ hoàng Phù Thủy máu lạnh với những trò giết người kinh dị, các chàng Hoàng Tử xứ Stormhold độc ác, vì tham lam vương quyền mà huynh đệ tương tàn, những cảnh tượng ghê rợn, hãi hùng của khu rừng ăn thịt,…Nhưng trên hết là tình yêu luôn được nuôi dưỡng trong lòng chàng trai trẻ Tristran Thorn. Muôn vàn chông gai, thử thách khó khăn cỡ nào, chỉ cần tình yêu, niềm tin và sự hy vọng luôn cháy rực, cũng sẽ đều vượt qua. Là câu chuyện thần tiên nhưng cuốn sách hàm chứa những sự thật trần trụi về thế giới này. Phải chăng cuộc sống là một bể khổ với bao sự khắc nghiệt bủa vây? Và hành trình đi tìm lẽ sống, khát vọng đạt những ước mơ bấy lâu khao khát là một hành trình không tưởng với muôn vàn khó khăn, gian khổ. Để rồi khi có được chúng, ta lại chẳng thèm màng những điều to tát ấy thêm nữa. Hạnh phúc, có lẽ chỉ là những điều giản đơn, bình dị thôi.', '49.jpg', '49.1.jpg', '49.2.jpg');
INSERT INTO `hanghoa` VALUES (176, 'Bước Chân Theo Dấu Mặt Trời – Hành Trình Trở Về Ấn Độ', 'Sách', 177000, 104, 5, 'Bước Chân Theo Dấu Mặt Trời – Hành Trình Trở Về Ấn Độ được viết bởi một người phụ nữ đã từ bỏ công việc ổn định, rời xa ngôi nhà êm ấm để trở thành kẻ lữ hành cô độc đến những miền đất lạ với tấm vé máy bay một chiều. Người phụ nữ ấy luôn mang trong mình câu hỏi: Tôi sinh ra bởi điều gì? Tôi đang đi về đâu?... Để rồi vào một buổi chiều trên đỉnh núi Linh Thứu, lúc mặt trời rực rỡ xuống sau dãy núi, người phụ nữ ấy đã bắt đầu tìm được điều mình đang khao khát, ráng chiều đỏ thắm dần lấp đầy khoảng trống vô hình trong cô. Người phụ nữ ấy hành hương đến Ấn Độ, nơi có một vị Phật đã thành đạo, nơi đã một thời mang trong mình nền văn minh huy hoàng của loài người nay trở thành nơi nghèo nàn, và nguy hiểm nhất thế giới. Trong chuyến độc hành của mình, người phụ nữ yếu đuối đã trải qua nhiều cung bậc cảm xúc: vui - buồn - hạnh phúc - sợ hãi. Những người lạ nơi xứ người đã khiến người lữ khách không còn đơn độc mà mang cô cảm giác thân thuộc, ấm áp tình người. Những người chúng ta đã gặp trong đời, mỗi sự việc xảy đến đều ý nghĩa và dạy cho chúng ta một bài học về cuộc sống. Những gì chúng ta trải qua đều là nhân - quả và chỉ có cách bình tĩnh chiêm nghiệm mới giúp ta an yên giữa cuộc đời này. Bước Chân Theo Dấu Mặt Trời – Hành Trình Trở Về Ấn Độ sẽ dẫn độc giả bước vào không gian văn hóa đậm chất Ấn Độ với những công trình kiến trúc kỳ vĩ, tinh xảo, các loại hình nghệ thuật truyền thống đầy tinh tế, nền ẩm thực đa dạng thậm chí cả những tập tục man rợ như tục điểu táng của người Tây Tạng. Bạn sẽ nhận ra rằng: “Con người ở đâu cũng giống nhau. Dù màu da, ngôn ngữ, quan niệm, niềm tin tôn giáo khác nhau nhưng mọi vấn đề, rắc rối, đau khổ đều giống nhau bởi đều xuất phát từ tâm.”', '50.jpg', '50.1.jpg', '50.2.jpg');
INSERT INTO `hanghoa` VALUES (177, 'Bước Ra Thế Giới', 'Sách', 219000, 137, 4, 'Theo công ty phân tích Gartner, đến năm 2020, sẽ có trên 26 tỉ thiết bị được kết nối, có thể “nói chuyện” với nhau và tạo ra “mạng lưới khổng lồ các vật được kết nối”. Mối quan hệ giữa con người và các thiết bị này, giữa các thiết bị với các thiết bị, sẽ thay đổi hoàn toàn bản chất của công việc và xã hội. Có thể thấy chúng ta đang sống trong thời kỳ chuyển tiếp giữa thời đại Công nghiệp và thời đại Thông tin. Quy tắc mới của phát triển kinh tế là tri thức và thông tin, chứ không còn dựa trên vốn, vật tư và lao động nữa. Việc dịch chuyển sang nền kinh tế dựa trên thông tin đặt ra những câu hỏi lớn cho một số nước. Họ sẽ tụt hậu, bị bỏ lại đằng sau, hay đây là cơ hội để nhảy vọt? Điều gì sẽ xảy ra cho lực lượng lao động kỹ năng thấp, những người quản lý cấp trung nếu việc làm của họ, vị trí của họ mất đi? Liệu họ có bị bỏ lại, hay đây là cơ hội để trau dồi thêm kỹ năng và nắm lấy cơ hội mới? Bước Ra Thế Giới của giáo sư John Vũ sẽ cho bạn câu trả lời cụ thể nhất. Cuốn sách này là sự tiếp nối hai cuốn trước đó của GS John Vũ – “Khởi hành” và “Kết nối”, nhằm mục đích định hướng, truyền cảm hứng cùng với đó là sự cổ động tinh thần không ngừng học hỏi, vươn lên để phát triển và “Kiến tạo một thế hệ Việt Nam ưu việt” của GS John Vũ dành cho thế hệ học sinh, sinh viên Việt Nam. Các bài viết trong cuốn sách chỉ ra rằng trong khi những người của thế hệ Baby Boomer (được sinh ra vào thời kỳ hậu chiến 1943 – 1960) đọc báo giấy, thì người của thế hệ V đọc báo trực tuyến. Trong khi người thế hệ X mua CD cho hệ thống âm thanh nổi của họ, người thế hệ V ưa thích tải nhạc về chiếc iPod. Trong khi người thế hệ Y mua DVD cho chiếc tivi màn hình phẳng của mình, thì người thế hệ V ưa thích xem YouTube trên laptop. Vậy thì thế hệ Z những người sinh năm 1996 trở về sau - đã và đang là thế hệ tiêu dùng của hiện tại và tương lai sẽ phải thay đổi như thế nào để theo kịp sự phát triển của xã hội, con người và nền kinh tế trong thời đại tri thức. Hy vọng sau khi hoàn thành cuốn sách này, sẽ giúp độc giả đặc biệt là thế hệ học sinh, sinh viên Việt Nam có thể sẵn sàng Bước Ra Thế Giới, lĩnh hội các kỹ năng và có sự chuẩn bị thích hợp cho những việc làm trong tương lai.', '51.jpg', '51.1.jpg', '51.2.jpg');
INSERT INTO `hanghoa` VALUES (178, 'Bước vào thế giới Hồi giáo', 'Sách', 125000, 134, 6, 'Một cuộc hành trình kỳ thú với nhiều khám phá lạ lẫm kéo dài bảy tháng từ năm 1979 đến 1980 qua bốn quốc gia Iran, Pakistan, Malaysia và Indonesia - những đất nước có tín đồ Hồi giáo chiếm đại đa số, đặc biệt có quốc gia còn xem Hồi giáo như quốc giáo. Với cách quan sát nhạy bén, vừa chi tiết vừa bao quát; với năng lực phân tích và tổng hợp có chọn lọc những sự kiện, nhân vật, tình huống, thực trạng… thật sắc sảo, chính xác, tác giả đã dựng nên một bức tranh toàn cảnh vô cùng sinh động về từng đất nước. Hầu như, ở những nơi đây, mọi sinh hoạt trong tất cả các lĩnh vực đều phải tuân theo hay được áp dụng những chuẩn mực tín điều của Hồi giáo với tất cả niềm sùng bái. Tuy nhiên, cũng chính trong lòng của bầu khí tín ngưỡng ấy vẫn không tránh khỏi quan điểm khác nhau, chưa đồng thuận về các quy định hay luật lệ áp dụng thống nhất cho toàn thể tín đồ. Có rất nhiều lối dẫn vào thế giới Hồi giáo, cho nên trong phần này, V.S.Naipaul đã không ngại đưa ra một cách nhìn, một cách đánh giá có thể có phần chủ quan nhưng lại là cơ hội cung cấp cho người đọc khá nhiều thông tin, tư liệu để mời gọi độc giả hãy tiếp tục tìm hiểu, nghiên cứu về một tôn giáo đang tạo ra nhiều hấp lực đồng thời cũng nhiều tranh cải trên thế giới..', '52.jpg', NULL, NULL);
INSERT INTO `hanghoa` VALUES (179, 'Bút Kiếm Kim Dung', 'Sách', 268000, 123, 3, 'Bút Kiếm Kim Dung (Chuyên Luận) là cuốn sách trình bày về võ hiệp Trung Quốc từ nguồn gốc đến những bước thăng trầm trong lịch sử, với nền tảng lập thế, nhân vật điển hình, dạng thức văn học, môi trường truyền bá, cơ chế sinh tồn và hướng đi tương lai. Phần tiếp theo, tổng luận về các tác phẩm như: Thư kiếm ân cừu lục, Bích huyết kiếm, Xạ điêu anh hùng truyện, Thần điêu hiệp lữ, Uyên ương đao, Liên thành quyết, Ỷ thiên đồ long kiếm, Tiếu ngạo giang hồ, Lộc đỉnh ký... đồng thời đề cập đến một số nhân vật võ hiệp của Kim Dung như: Vi Tiểu Bảo, Đoàn Chính Thuần, Tiêu Phong, Diệt Tuyệt sư thái, Mộ Dung Phục, Nhậm Ngã Hành, Du Thản Chi, Hư Trúc, Tiểu Siêu, Cưu Ma Trí, Địch Vân… Về Kiều Phong: \"Bi kịch tuổi thơ của Kiều Phong bắt đầu tại Nhạn Môn quan. Và ông chấm dứt bi kịch đời mình bằng mũi tên tự đâm vào ngực cũng tại Nhạn Môn quan. Nhạn Môn quan ngàn đời sừng sững giữa hai nước Tống - Liêu như định kiến không thể phá bỏ nổi về quốc gia và biên giới trong tâm trí con người\". Hai chương cuối, phân tích tư tưởng nghệ thuật của Kim Dung và võ học trong tiểu thuyết của ông.', '53.jpg', NULL, NULL);
INSERT INTO `hanghoa` VALUES (180, 'Cà phê cùng Tony', 'Sách', 22000, 123, 5, 'Cà phê cùng Tony là sự tập hợp các bài viết trên trạng mạng xã hội của tác giả Tony Buổi Sáng về những bài học, câu chuyện anh đã trải nghiệm trong cuộc sống. Đó có thể là cách anh chia sẻ với các bạn trẻ về những chuyện to tát như khởi nghiệp, đạo đức kinh doanh, học tập đến những việc nhỏ nhặt như ăn mặc, giao tiếp, vệ sinh cơ thể… sao cho văn minh, lịch sự. Hay chỉ đơn giản thuật lại những trải nghiệm thực tế của anh trong quá trình sống, kinh doanh ở trong và ngoài nước. Xuyên suốt cuốn sách, các câu chuyện được kể với giọng điệu trào phúng, hài hước lại được thể hiện bằng ngôn ngữ “cư dân mạng” tạo sự gần gũi để các bạn trẻ có thể dễ dàng tiếp nhận. Mặc dù tác giả luôn khẳng định những thông tin, chi tiết trong câu chuyện là hư cấu và thậm xưng nhưng điều đó không có nghĩa làm cuốn sách bớt đi sự thú vị. Chia sẻ về sự ra đời của cuốn sách, tác giả tâm niệm không muốn những điều anh tâm đắc và đúc kết chỉ dừng lại ở mạng xã hội. Anh hi vọng những câu chuyện của mình thông qua Cà phê cùng Tony có thể thổi nguồn cảm hứng tới những độc giả không có điều kiện sử dụng internet, đồng thời khuyến khích văn hóa đọc ở các bạn trẻ trong thời đại mà văn hóa nghe nhìn đang  dần chiếm ưu thế. Đơn giản và không cầu kì, đọc Cà phê cùng Tony, độc giả sẽ cảm thấy như đang khám phá câu chuyện của chính mình qua cách kể của một người khác.', '54.jpg', '54.1.jpeg', '54.2.jpg');
INSERT INTO `hanghoa` VALUES (181, 'Các Học Thuyết Tâm Lý Nhân Cách', 'Sách', 73000, 134, 4, 'Tâm lý học ở nước ta hãy còn là một khoa học trẻ, trước năm 1945 chỉ là một môn học trong trường phổ thông trung học, về sau có dạy ở một số trường đại học, rồi từ những năm 60 thế kỷ trước có cơ quan nghiên cứu, có khoa chuyên đào tạo cán bộ tâm lý học, có tạp chí Tâm lý học, có Hội các khoa học Tâm lý - Giáo dục - thành viên của Hội Khoa học Tâm lý Thế giới. Trong các chuyên ngành Tâm lý học có ở ta, tâm lý học nhân cách là chuyên ngành non trẻ nhất. Mà chẳng phải chỉ ở ta mới như vậy, như chính trong nội dung cuốn sách này cũng cho ta thấy, đó cũng là tình trạng chung của tâm lý học thế giới. Riêng ở Việt Nam, thuật ngữ \"nhân cách\" vào những năm 60 (của TK XX) hãy còn rất xa lạ với nhiều người, trong sách, báo rất ít gặp, nhưng giờ đây đã dùng thường xuyên hơn và khoa học về nhân cách thì mới đang hình thành. Với 22 nhà tâm lý học có tiếng, có nhà tâm lý học vĩ đại Sigmund Freud, rồi B.F. Skinner, A. Maslow… được giới thiệu trong sách, chúng tôi cũng đã có dịp điểm qua (Phạm Minh Hạc, Nhập môn tâm lý học, Nhà xuất bản Giáo Dục, Hà Nội, 1980; Hành vi và Hoạt động, 1977; Phạm Minh Hạc, Lê Đức Phúc (chủ biên), Một số vấn đề nghiên cứu nhân cách, NXB Chính Trị Quốc Gia, Hà nội, 2004) nhưng bây giờ đọc sách này mới thấy cặn kẽ hơn. Cuốn sách Các Học Thuyết Tâm Lý Nhân Cách cùng với những cuốn vừa nhắc tới có thể bổ sung cho nhau, giúp chúng ta thấy được toàn cảnh hơn các lý thuyết tâm lý học nhân cách. Tâm lý học Nga là một nền tâm lý học lớn, được thế giới công nhận, các nhà tâm lý học như L.S. Vưgốtki, A.R.Luria, A.N.Leônchiép, S.L.Rubintêin… được giới tâm lý học phương Tây, Mỹ nghiên cứu, học tập, trích dẫn. Trong Bách khoa thư Sáng tạo của Mỹ xuất bản, chỉ có hai nhà tâm lý học được chọn, đó là Freud và Vưgôtski. Các nhà tâm lý học Nga và Giocgi (tâm lý học tâm thế) có các lý thuyết về nhân cách rất đáng được quan tâm. Cuốn sách với lối viết dí dỏm, nhất là các tiểu sử các nhà khoa học, lại có cả thơ ca, diễn đạt rất dễ hiểu, nội dung cuốn sách có ích cả cho công việc giảng dạy lẫn công tác nghiên cứu. ', '55.jpg', NULL, NULL);
INSERT INTO `hanghoa` VALUES (182, 'Cách Dạy, Cách Học, Cách Sống Trong Thế Kỷ XXI', 'Sách', 52000, 134, 6, 'Nội dung cuốn sách Cách dạy - Cách học - Cách sống trong thế kỷ XXI (Khảo sát triết lý giáo dục của Dewey và Makiguchi để đưa ra phương thức giáo dục mới cho nhân loại) được trình bày dưới hình thức một cuộc đối thoại cởi mở và đầy trách nhiệm giữa Tiến sĩ Daisaku Ikeda - học giả uyên bác về nhiều lĩnh vực khoa học, nhà văn hóa nổi tiếng ở Nhật Bản cũng như trên thế giới và hai triết gia nổi tiếng người Mỹ - Jim Garrison và Larry Hickman. Các chủ đề luận bàn trong cuộc đối thoại hết sức thiết thực và sâu sắc, các chuyên gia cùng trao đổi, phân tích một số vấn đề quan trọng mà xã hội con người ngày nay đang phải đối mặt, như vai trò của giáo dục trong việc đào tạo công dân toàn cầu, môi trường học tập trong gia đình, nhà trường và tầm quan trọng của việc học tập suốt đời; làm thế nào để khoa học kỹ thuật có thể mang lại hạnh phúc cho con người, làm thế nào xung đột có thể giải quyết thông qua đối thoại, làm thế nào để những người dân có tập quán và sự quan tâm khác nhau có thể cùng chung sống trong những cộng đồng dân chủ. Đặc biệt, ý nghĩa xuyên suốt cuốn sách mà nhóm tác giả muốn gửi gắm đó là sự động viên, khích lệ thế hệ thanh niên hiện nay và mai sau cần phát triển và sáng tạo các giá trị hơn nữa, nhằm bảo đảm một tương lai thành công ở thế kỷ XXI. Trong tác phẩm này, các tác giả đã chỉ ra những điểm chung giữa Dewey và Makiguchi, chẳng hạn như nhấn mạnh hạnh phúc là mục đích của giáo dục, quan điểm về giáo dục và giá trị của hạnh phúc với con trẻ, cũng như vai trò của phụ nữ, sự cân bằng giữa công việc và học tập, mối quan hệ giữa tuổi thơ và giáo dục ở trường và ở nhà. Các tác giả nhấn mạnh tầm quan trọng của giáo dục trong xã hội và sự cần thiết phải thay đổi cơ bản từ khái niệm giáo dục vì lợi ích của xã hội sang khái niệm xã hội vì lợi ích của giáo dục. Trong giáo dục, dạy dỗ không chỉ là khai thác giá trị, mà còn tạo ra giá trị, từ đó nâng cao và làm giàu thêm ý nghĩa của cuộc sống. Garrison chia sẻ cái nhìn sâu sắc của ông về vai trò của hạnh phúc trong giáo dục: \"Đối với tôi thì rõ ràng hạnh phúc và phát triển không khác gì nhau trên nhiều phương diện. Hạnh phúc không chỉ bắt nguồn từ phát triển mà còn chính là phát triển\".', '56.jfif', '56.1.jpg', '56.2.jfif');
INSERT INTO `hanghoa` VALUES (183, 'Cách Học Ngoại Ngữ Nhanh Và Không Bao Giờ Quên', 'Sách', 24000, 129, 1, 'Fluent Forever là cách dạy bất cứ ngoại ngữ nào bạn muốn một cách nhanh nhất, hiệu quả nhất. Đây là tài liệu học ngoại ngữ được đánh giá cao nhất hiện nay trên toàn thế giới bởi nó không đơn thuần là sách dạy ngoại ngữ mà là một cú đột phá tư duy xuất sắc để làm chủ não bộ. Ứng dụng tri thức về khoa học thần kinh, bạn không cần chờ đến một sự may mắn tình cờ hay cần mẫn quá sức để đưa thông tin cần thiết vào não bộ. Những gì bạn muốn sẽ thuận với tự nhiên lưu vào bộ nhớ. Bởi thế, không phải ngẫu nhiên, trang web fluent-forever.com đã trở thành một “hiện tượng mạng”, dạy ngoại ngữ cho 1,5 triệu người trên toàn thế giới và khiến hàng triệu người ham thích thử thách tư duy tìm đến. Trong cuốn sách này, Wyner sẽ chia sẻ ba chìa khóa hiệu quả để làm quen và làm chủ “đa ngôn ngữ”: Học phát âm đầu tiên (kinh nghiệm của ca sĩ) để tai bạn dần quen với những âm ngoại ngữ, giúp bạn không chỉ nghe chuẩn mà còn phát âm chuẩn; không dịch để tư duy bằng ngoại ngữ; sử dụng hệ thống nhắc lại cách quãng để đẩy thông tin vào sâu trong trí nhớ dài hạn và lưu lại mãi mãi.', '57.jfif', '57.1.png', '57.2.jpg');
INSERT INTO `hanghoa` VALUES (184, 'Cách mạng một cọng rơm', 'Sách', 24000, 120, 4, '“Cuộc Cách Mạng Một - Cọng - Rơm” là cuốn sách nổi tiếng của Mansanobu Fukuoka, người khai sinh nông nghiệp tự nhiên của Nhật Bản và thế giới. Cuốn sách (đã được dịch ra 25 thứ tiếng) không chỉ là sự trải nghiệm về cách thức nuôi trồng các sản phẩm nông nghiệp trong sự tương tác hài hòa với môi trường tự nhiên mà còn đem đến cho người đọc những suy tưởng thú vị về triết học, về ăn uống, về y học và cuộc sống. Có thể gọi ông Masanobu Fukuoka, tác giả cuốn sách, là người nông dân vĩ đại nhất hành tinh cũng không có gì là lạm dụng từ ngữ. Ông là người đạt đến cảnh giới vô vi trong nông nghiệp và là vị sư tổ của nông nghiệp tự nhiên. Nhưng bạn không nên để tựa đề cuốn sách đánh lừa. “Cuộc cách mạng một - cọng - rơm”, nhưng chẳng có “cuộc cách mạng” nào ở đây cả. Cuốn sách chỉ là những ghi chép của một người làm nông khiêm nhường rón rén trước thiên nhiên vườn ruộng, như thể mỗi một từ được viết ra tác giả đều sợ làm tổn thương đất đai cây cỏ. Viết về nông nghiệp nhưng ông Fukuoka không để người đọc dính mắc vào các kiến thức trồng trọt và chăn nuôi, cũng không dính mắc vào chính cuốn sách của ông. Người ta bảo phương pháp Fukuoka là thiền trong nông nghiệp là vì vậy. Đọc cuốn sách này và gấp nó lại, bạn sẽ không còn nghĩ ông Fukuoka đã viết những gì, nhưng bạn sẽ nhận ra vô số những điều mà trước đây do những tri thức học ở sách vở, trong trường lớp đã biến thành định kiến trong đầu bạn khiến cho bạn không nhận ra. Bạn sẽ nhìn cái cây không phải là giống thực vật vô tri được mô tả trong sách trồng trọt mà là cái cây có tâm hồn. Bạn sẽ thú vị nhớ lại, trong câu chuyện cổ tích Một người mẹ, nhà văn Andersen đã từng bảo mỗi một cái cây đều có một số phận, mỗi cái cây đều có một trái tim. Và bạn sẽ hiểu vì sao ông Fukuoka lại nói chỉ có những đứa trẻ mới nhìn được thiên nhiên như thiên nhiên vốn có.', '58.jpg', '58.1.png', '58.2.jpg');
INSERT INTO `hanghoa` VALUES (185, 'Cách Mạng Pháp Và Tâm Lý Học Của Các Cuộc Cách Mạng', 'Sách', 223000, 129, 5, '“Không hề có ý định cắt đứt tiến trình tự nhiên của các sự kiện ở châu Âu, ông nói, cả cuộc cách mạng Anh, cũng như cuộc Cách mạng của chúng ta đều không nói điều gì, không mong điều gì, không làm điều gì mà trước đó chưa từng được nói đến, chưa từng được mong mỏi, chưa từng được làm hoặc thử làm cả trăm lần trước khi chúng bùng nổ…”. \"Lịch sử của cuộc Cách mạng Pháp trên thực tế được cấu thành từ một loạt những biến cố lịch sử song hành và thường độc lập với nhau: Lịch sử chế độ cũ nát đang tàn lụi do không có những người bảo vệ; lịch sử những hội đồng cách mạng; lịch sử những phong trào quần chúng cùng thủ lĩnh của họ; lịch sử những đạo quân; lịch sử những thiết chế mới... Tất cả những nấc thang lịch sử vốn đa phần thể hiện sự xung đột của các động lực tâm lý học này đề cần phải được nghiên cứu bằng những phương pháp mượn từ khoa học tâm lý\". Từ “Tâm lý học của các cuộc cách mạng” thoạt nghe rất mơ hồ và trừu tượng, nhưng Gustave Le Bon đã phân tích cho chúng ta thấy những cuộc cách mạng ấy là thế nào, được phân chia ra sao. Gustave Le Bon nhận định về cách mạng khoa học, ông cho rằng đó là cuộc cách mạng mang tính lý trí cao, và diễn ra âm thầm nhất nhưng không ai có thể phủ nhận lợi ích hay tính quan trọng của nó. Ngoài ra, Gustave Le Bon cũng phân tích về vai trò của người dân, ông cho rằng có thể lật đổ được chính quyền nhưng người dân thì không. Cần phân biệt lòng dân và đám đông cuồng loạn, đám đông dễ bị khống chế trở nên mất lý trí.', '59.jpg', '59.1.jpg', '59.2.jpg');
INSERT INTO `hanghoa` VALUES (186, 'Cách Sống', 'Sách', 265000, 121, 3, 'Inamori Kazuo một doanh nhân hết sức thành đạt trong việc sáng lập và điều hành tập đoàn Kyocera lớn mạnh của Nhật Bản. Ông sẽ đem đến cho chúng ta những tư tưởng về Cách Sống. Đây là tập hợp những triết lý mà ông đúc rút ra được từ thực tế sau bao nhiêu năm gian nan xây dựng công ty. Trước thực tại của một xã hội Nhật Bản mà con người ngày càng đánh mất đi giá trị truyền thống, Inamori Kazuo đưa ra một yêu cầu bức thiết là phải nhìn lại “lẽ sống” của con người thời hiện đại. Lẽ sống qua cái nhìn của tác giả không phải là cái gì xa vời mà là những điều giản đơn, những giá trị gần gũi hay những thói quen hằng ngày: “những nguyên tắc đạo đức chân phương”. Cách Sống gồm 5 chương, mỗi chương là một quan điểm của tác giả: chương 1: Biến suy nghĩ thành hiện thực; chương 2: Suy nghĩ từ nguyên lý và nguyên tắc; chương 3: Mài giũa nhân cách và nâng cao tâm hồn; chương 4: Sống với lòng vị tha; chương 5: Hòa hợp với dòng chảy vũ trụ. Ở mỗi chương, mỗi quan điểm của mình tác giả đều đưa ra những dẫn chứng, những câu chuyện thực tế rất thuyết phục. Vốn đi lên từ những thất bại, con đường thành công của tác giả vô cùng khó khăn. Những điều ông viết trong “Cách Sống” là những kinh nghiệm quý giá mà ông muốn chia sẻ với giới trẻ. ', '60.jfif', NULL, NULL);
INSERT INTO `hanghoa` VALUES (187, 'Cái Cười Của Thánh Nhân', 'Sách', 164000, 111, 2, '“Cái cười của Thánh Nhân” không chỉ là một quyển biên khảo về văn chương u mặc phương Đông, mà còn hàm chứa trong nó những giá trị nhân văn. Những câu chuyện cổ, những bài văn u mặc trong quyển sách cho ta thấy cuộc đời dưới một lăng kính khác hài hước hơn, thú vị hơn và sâu sắc hơn. Một cuốn sách không chỉ để mua vui mà còn khiến người đọc phải suy ngẫm. \"Cái cười của Thánh nhân\" là tiếng cười của người thoát vòng tục lụy, tiếng cười vang của con người tự do, tiếng cười vang vọng ngàn năm khắp mấy cõi trời... Đó là tiếng cười của Lão Tử, của Trang Tử và của bao hiền nhân khác biết tung tăng đùa chơi với cuộc đời. Nguyễn Duy Cần đã mượn chuyện ngàn xưa để cười chuyện thời nay đó! Chúng ta đang ở trong một thế giới vật chất đầy đủ nhờ tiến bộ khoa học kỹ thuật, nhưng tinh thần của chúng ta mệt lắm, khổ lắm bởi tầm nhìn, tầm nhận thức của chúng ta. Chúng ta đang sống vì những việc mà mình cho là quan trọng lắm, giá trị lắm, cần thiết lắm và những cuộc tranh giành, chiến tranh, đau khổ cũng vì đó mà diễn ra... Dường như cuộc sống đang thiếu vắng dần sự bình yên, thiếu vắng dần hạnh phúc! Đọc “Cái cười của Thánh Nhân” để chúng ta biết cười mình, biết xót xa thân phận của mình và biết tự giải thoát để có tiếng cười đầy hoan lạc trong cuộc đời.', '61.jpg', '61.1.jpg', NULL);
INSERT INTO `hanghoa` VALUES (188, 'Cái Thật Và Thực Tại (Truth And Reality)', 'Sách', 268000, 129, 5, '“Cái thật và thực tại” (Truth and Reality) - Bậc thầy trị liệu tâm lí vĩ đại nhất sau Freud: Học trò xuất sắc nhất của nhóm Phân tâm học Vienna và cuộc lật đổ làm rung chuyển toàn bộ thế giới Phân tâm học. Cái “tôi” đối với Rank không phải là một địa hạt của những bản năng vô thức, nó cũng không phải nơi phô diễn của những quy ước và đạo đức xã hội. Cái “tôi” luôn tiềm chứa một “ý chí”. Chính nhờ ý chí này, nó không ngừng trải nghiệm và sáng tạo mình qua từng sát-na, từng khoảnh khắc sống. Cái “tôi” không chỉ biết đến thực tại bên ngoài nó, mà còn kiến tạo “thực tại” bên trong nó. Giữa nội giới và ngoại giới, nó tìm thấy một lối đi cho chính mình trong cuộc đấu tranh khốc liệt giữa bản năng hoang dại bên trong mình và ước chế xã hội bên ngoài mình. Bằng ý chí, nó kiến tạo nên một bản thân lí tưởng và qua sáng tạo, nó hiện thực hóa cái tôi lí tưởng đấy. Nó cảm nhận tất cả tội lỗi cũng như hạnh phúc, xấu hổ cũng như tự hào, và tìm ra ánh sáng cứu rỗi chính mình. Có lẽ đúng như Tolstoy đã nói: \"Sự kiện trọng đại nhất trong cuộc đời một con người là khoảnh khắc anh ta ý thức về cái tôi của mình”. Còn Rank nói, sự kiện trọng đại nhất trong cuộc đời một con người là khoảnh khắc bạn kiến tạo cuộc đời bằng cái tôi ý chí sáng tạo của chính mình.', '62.jpg', NULL, NULL);
INSERT INTO `hanghoa` VALUES (189, 'Cái Tôi Được Yêu Thương', 'Sách', 42000, 150, 5, 'Bạn có một cái “tôi”, nhưng không hiểu vì sao mình có cái “tôi” này, không biết ứng xử với nó ra sao. Chúng ta đều là những kẻ tự si mê bản thân. Cùng lúc gần như không biết cách yêu bản thân thế nào. Càng yêu, càng không thể hiểu chính mình. Thế giới bên ngoài chỉ là một hình ảnh phản chiếu đời sống bên trong của chúng ta, chúng ta chỉ nhận thức được những gì mà cái “tôi” trong ta chạm tới. Ta khó chịu với một kẻ biếm nhạo những tính cách xấu của mình và cho rằng kẻ đó không biết cảm thông. Ta ghét tất cả những kẻ sao chép một phần khó chịu trong tâm hồn mình. Chúng ta cứ mãi lang thang trong cuộc đời với muôn vàn mảnh trái tim tan vỡ, từ nỗi tự si này đến lòng yêu ghét kia, từ chứng hoang tưởng tự đại này đến sự nhút nhát tự ti kia. Dù say mê bản thân đến vậy, nhưng luôn cảm thấy mình bất toàn, hoài nghi, phản kháng, ganh tị, bất mãn, thường xuyên không hiểu ý nghĩa đời mình, cũng chẳng biết nên đi về đâu. Cuốn sách này dành cho những người mang một ý nguyện rực sáng: Nguyện ý đổi thay. Sự quyến rũ mạnh mẽ nhất của cuộc đời nằm trong sự thay đổi. Bạn sẽ trì trệ ở yên trong những vụn vỡ dở dang? Hay sẽ tự chữa lành cho chính mình? Sự lãng phí của hôm nay luôn là điều hối tiếc của ngày mai. Chúng ta cần phải vượt qua bản thân mỗi ngày. Bất cứ phương pháp trị liệu tâm lí nào cũng chỉ là một sự trợ giúp bên ngoài. Bạn hãy học hỏi từ những trải nghiệm của mình và truy nguyên một cách trung thực những động lực của bản thân. Ý nguyện của bạn quan trọng hơn hết thảy. Cuốn sách sẽ là một chỉ dẫn tuyệt vời dành cho bạn để: Hiểu rõ muôn mặt của một tâm hồn vị kỉ khổ đau, tổn thương và tan vỡ. Vượt qua cái “tôi” vị kỉ để có một cái nhìn thực tế với cuộc đời và tìm thấy mục tiêu cuộc sống.', '63.jfif', '63.1.jpg', '63.2.jpg');
INSERT INTO `hanghoa` VALUES (190, 'Cẩm Nang Nghiên Cứu Khoa Học Từ Ý Tưởng Đến Công Bố', 'Sách', 273000, 130, 5, 'Cuốn sách bạn đang cầm trên tay được soạn ra để giúp cho các bạn muốn dấn thân vào công việc nghiên cứu khoa học. Nhiều học sinh và sinh viên thường tự hỏi bắt đầu nghiên cứu khoa học từ đâu, ý tưởng nghiên cứu xuất phát từ nguồn nào, phương pháp nghiên cứu ra sao, và công bố kết quả nghiên cứu ở đâu. Đó là những câu hỏi cơ bản trong qui trình nghiên cứu khoa học. Qua 21 chương sách, cuốn sách sẽ giải đáp những câu hỏi trên và kèm theo những ví dụ thực tế giúp bạn đọc hiểu rõ hơn về qui trình nghiên cứu khoa học. Trong thế kỉ 21, khoa học và công nghệ được xem là yếu tố hàng đầu để nâng tầm của một quốc gia trong nền kinh tế tri thức. Một nền kinh tế tri thức tốt, như tên gọi, được phát triển từ tri thức khoa học và công nghệ, hơn là lệ thuộc vào tài nguyên thiên nhiên và thể lực. Một ứng dụng máy tính hay một sản phẩm điện thoại thông minh có thể giúp cho quốc gia thoát nghèo và sánh vai cùng các nước tiên tiến. Nhưng trong thực tế cho đến nay, hầu hết các chỉ số về kinh tế tri thức của Việt Nam vẫn còn thấp so với các nước trong vùng. Tri thức khoa học, như đề cập trên, được sản sinh từ nghiên cứu khoa học. Do đó, Việt Nam cần nhiều người tham gia vào nghiên cứu khoa học để giúp nâng cao vị thế của nước nhà trong quá trình cạnh tranh trở thành một nền kinh tế tri thức. Cuốn sách nhỏ này có ý nguyện đóng góp một phần nhỏ vào công cuộc chung đó. Khoa học không bao giờ dừng lại trong hành trình đi tìm sự thật, bởi vì khoa học không bao giờ tuyên bố nó đã hoàn thành sứ mệnh đó. Khoa học là một ngành nghề khai hóa, truyền bá cái mà chúng ta gọi là “văn minh”, và khoa học đặt sự thật trên hết và trước hết, trước tất cả những quyền lợi cá nhân. Đây là những lời phát biểu to tát mang tính nguyên tắc, nhưng trong thực tế, tất cả các nhà khoa học nghiêm túc đều chia sẻ.', '64.jpg', NULL, NULL);
INSERT INTO `hanghoa` VALUES (191, 'Cẩm Nang Tư Duy Học Tập Và Nghiên Cứu', 'Sách', 48000, 135, 3, '\"Apprendre  à  apprendre” (“học  cách  học”)  là một khẩu hiệu nổi tiếng trong tiếng Pháp và không dễ… dịch, vì động từ “apprendre” trong tiếng Pháp dường như có cả hai nghĩa trong tiếng Anh: “to teach” và “to learn”! Không có sự tách bạch giữa “dạy” và “học”, vì vị trí của chúng đôi khi có thể thay thế cho nhau, hay nói ngắn, giữa chúng có một sự “vận động”. Sự vận động ấy chính là phương pháp. Từ khi René Descartes viết quyển “Các quy tắc hướng dẫn tư duy” (Règles pour la direction de l’esprit) năm 1628 và “Luận văn về Phương pháp” (Discours de la Méthode) năm 1637, khoa học và tư duy khoa học thật sự bước vào thời hiện đại, tức, ta không còn có thể suy nghĩ và làm việc như thể không có… Descartes được nữa! Gần bốn thế kỷ đã trôi qua với biết bao sự cải tiến và tinh vi hóa về phương pháp trên mọi lĩnh vực, nhưng mục tiêu của nó không thay đổi, đúng như Kant đã nói: “Ta không thể học triết học, mà chỉ có thể học cách triết lý” hay như lời của Albert Einstein: “Giá trị của một nền giáo dục (…) không phải là dạy và học được nhiều sự kiện mà là đào luyện cho tinh thần biết tư duy…”. Bộ sách CẨM NANG TƯ DUY này dành cho mọi độc giả, từ học sinh, sinh viên đến các giảng viên, các nhà nghiên cứu, doanh nhân, người đã đi làm cũng như quý phụ huynh… muốn nâng cao năng lực tư duy của mình. Học sinh, sinh viên có thể đọc cẩm nang như tài liệu tham khảo để học tốt các bộ môn; quý phụ huynh có thể sử dụng cẩm nang để vừa nâng cao năng lực tư duy của mình vừa giúp con em mình phát triển các kỹ năng tư duy cần thiết để học tốt; các giảng viên, nhà nghiên cứu có thể sử dụng cẩm nang để xây dựng tốt các chủ đề của mình; người đã đi làm, doanh nhân… có thể áp dụng các kỹ năng, ý tưởng của cẩm nang vào công việc và cuộc sống. Quyển cẩm nang này tập trung vào bản chất và khái niệm của việc học tập và tham gia vào những lĩnh vực nghiên cứu. Đúng hơn, cẩm nang góp phần làm cho hoạt động trí tuệ và sự học có chiều sâu và dễ kiểm soát hơn.', '65.jpg', NULL, NULL);
INSERT INTO `hanghoa` VALUES (192, 'Career courage', 'Sách', 23000, 130, 5, 'How has your answer changed since childhood to the often-asked question “What do you want to be when you grow up?” For most, the answers tend to begin with excited seven-year-olds confidently and excitedly screaming out things like, “A basketball player!” or “A fireman!” or “A cook!” and then ten to fifteen years later those same kids are shrugging their shoulders while saying, “Not sure. Maybe something in accounting?”What happened? (Besides only growing to five foot eight and not being able to even reach the net when you jump.) When did we lose the courage to find our true calling and not just settle for what make sense in today’s workforce, or what our parents pushed us toward? Career Courage is meant to help you conquer your fears, shed misguided ideas, and muster the strength to let go of a safe job and stage your next act. Whether you’re a college grad contemplating choices, a seasoned professional seeking new directions, or a stay-at-home mom preparing to reenter the workplace, this invaluable guide book poses tough questions about motivation, confidence, character, risk tolerance, and more. The answers will power your journey forward as you learn to: Clarify what really matters. Express your point of view. Build strong relationships and a robust network. Think like an entrepreneur. Prioritize a truly fulfilling life. And more!Starting or changing careers can be a scary, soul-searching process. Career Courage will give you the strength and guidance you need to break free from your fears and find fulfillment in the workforce.', '66.jpg', '66.1.jpg', NULL);
INSERT INTO `hanghoa` VALUES (193, 'Catch Me If You Can: The True Story Of A Real Fake', 'Sách', 34000, 123, 2, 'I stole every nickel and blew it on fine threads, luxurious lodgings, fantastic foxes and other sensual goodies. I partied in every capital in Europe and basked on all the world\'s most famous beaches\'. Frank W Abagnale, alias Frank Williams, Robert Conrad, Frank Adams and Ringo Monjo, was one of the most daring con men, forgers, imposters and escape artists in history. In his brief but notorious career, Abagnale donned a pilot\'s uniform and co-piloted a Pan Am jet, masqueraded as a member of hospital management, practised law without a licence, passed himself off as a college sociology professor, and cashed over $2.5 million in forged checks all before he was twenty-one. Known by the police of twenty-six foreign countries and all fifty states as \'The Skywayman\', Abagnale lived a sumptuous life on the run - until the law caught up with him. Now recognised as the nation\'s leading authority on financial foul play, Abagnale is a charming rogue whose hilarious, stranger-than-fiction international escapades and ingenious escapes - including one from an aeroplane - make CATCH ME IF YOU CAN an irresistable tale of deceit.', '67.jpg', NULL, NULL);
INSERT INTO `hanghoa` VALUES (194, 'Câu Chuyện Dòng Sông', 'Sách', 61000, 125, 2, 'Tất cả tác phẩm của Hermann Hesse đều nói lên niềm cô đơn tâm linh của con người thời đại, nỗi thao thức triền miên của những tâm hồn khát khao đi tìm một chân trời mới cho mình và nhất là những nỗ lực vô hạn để vươn lên mọi ràng buộc của thân phận làm người. Trọn tác phẩm của ông là lời thánh ca bay vút lên chín tầng trời, vọng lên nỗi đau đớn vô cùng của kiếp sống và lòng hướng vọng nghìn đời của con người, dù bơ vơ bất lực mà vẫn luôn luôn tha thiết đi tìm giải thoát ra ngoài mọi giới hạn tầm thường của đời sống tẻ nhạt: “Dù bị đau đớn quằn quại, tôi vẫn tha thiết yêu thương trần gian điên dại này’’. Khi viết dòng thơ trên phải chăng Hermann Hesse đã muốn nói lên tất cả ý nghĩa của sự nghiệp văn chương ông giữa cơn biến động phũ phàng của thời đại? Ý nghĩa thâm trầm ấy cũng bàng bạc trong quyển Câu chuyện dòng sông. Đọc Câu chuyện dòng sông, chúng ta sẽ thấy rằng cuộc đời đáng sống và chứa đựng muôn ngàn hương sắc tuyệt vời, mà chúng ta thường bỏ quên và đánh mất giữa đời sống thường nhật. Câu chuyện dòng sông là câu chuyện của mỗi người trong chúng ta: đó cũng là hình ảnh muôn thuở của trần gian và của mộng đời bất tuyệt. Câu chuyện dòng sông là cuốn tiểu thuyết mang tính cách ngôn của Hermann Hesse kể về hành trình tâm linh của một người Ấn Độ tên là Siddhartha trong thời đại của Tất-đạt-đa Cồ-đàm. Đây là tiểu thuyết thứ chín của Hesse, được viết bằng tiếng Đức, trong một ngôn ngữ đơn giản nhưng có vần điệu. Cuốn sách kể lại chuyện xảy ra ở Ấn Độ vào thời cổ đại vào khoảng thời gian của Phật (thế kỷ thứ 6 TCN). Truyện bắt đầu khi Siddhartha, con của một Brahmin, bỏ nhà ra đi để tham gia những nhà tu khổ hạnh cùng với người bạn thân là Govinda. Cả hai đều ra đi để tìm sự khai sáng. Siddhartha đã đi qua một chuỗi các thay đổi và tự nhận thức khi anh cố gắng đạt được mục đích này.', '68.jpg', '68.1.jpg', '68.2.jpg');
INSERT INTO `hanghoa` VALUES (195, 'Câu chuyện phát triển và hạnh phúc', 'Sách', 131000, 129, 2, 'Phát triển và hạnh phúc là hai vấn đề cốt yếu và cũng là hai mục tiêu tối hậu mà mọi xã hội đều nhắm đến. Tuy vậy, không ít người còn nhầm lẫn giữa tăng trưởng kinh tế đơn thuần và sự phát triển bền vững, giữa sự phong phú về hàng hóa và tiện ích với sự giàu có về văn hóa tinh thần và cao hơn là hạnh phúc. Tăng trưởng GDP liệu còn được bao nhiêu ý nghĩa khi môi trường bị tàn phá, đạo đức suy thoái, giáo dục rơi vào khủng hoảng, tình trạng phân hóa giàu nghèo ngày càng đến mức báo động? Bởi vậy, trong khi theo đuổi mục tiêu tăng trưởng kinh tế thì rất cần tỉnh táo nhìn lại thực trạng xã hội, và khi đưa ra các chính sách, giải pháp cho sự phát triển cũng không thể xem nhẹ những lĩnh vực tác động đến chất lượng cuộc sống con người như môi trường, văn hóa, giáo dục, đạo đức… Đó là nội dung chủ yếu được đề cập đến trong khoảng 50 bài viết về văn hóa - xã hội của 11 nhà khoa học, nhà nghiên cứu, nhà văn mà tên tuổi đã rất quen thuộc với độc giả trong và ngoài nước như: Hoàng Tụy, Phạm Duy Hiển, Nguyên Ngọc, Trần Văn Thị, Vũ Quang Việt, Bùi Văn Nam Sơn, Nguyễn Tường Bách, Nguyễn Tùng, Nguyễn Văn Trọng, Nguyễn Nghị, Trần Hữu Quang. Các bài viết này đều đã đăng trên Thời báo Kinh tế Sài Gòn và nay được tập hợp trong một cuốn sách có tựa đề Câu chuyện phát triển và hạnh phúc. Tuy phần lớn đề tài đều ít nhiều gắn với thời sự nhưng nội dung các bài viết thì hàm chứa một bề dày trải nghiệm và suy tưởng rất căn cơ. Điều đọng lại sâu đậm nhất qua các bài viết tâm huyết, là nỗi niềm trăn trở đối với đất nước của các tác giả. Tâm huyết ấy, nỗi niềm ấy thể hiện qua sự quan tâm lo lắng, đau xót trước “những điều trông thấy” trong xã hội và thái độ trăn trở, nỗ lực tìm kiếm phương cách thoát khỏi vòng suy thoái, khủng hoảng. Không ít những giải pháp được nêu lên với tinh thần xây dựng: chẳng hạn cải cách phương thức tuyển sinh Đại học, giảm nhẹ học phí và đặt biệt là giải pháp tiền lương cho ngành giáo dục (Hoàng Tụy), những cải cách cần thiết cho đại học (Vũ Quang Việt), việc tạo nên đội ngũ trí thức mới là người bản địa cho Tây Nguyên, bắt tay vào sự nghiệp trồng lại rừng (Nguyên Ngọc), đề nghị xem xét lại mô hình quản lý nghiên cứu khoa học (Phạm Duy Hiển)… Quả thật, trong câu chuyện về phát triển và hạnh phúc, các tác giả đã phát biểu một cách thẳng thắn, trung thực, với niềm tin ý thức trách nhiệm của người trí thức.', '69.jpg', NULL, NULL);
INSERT INTO `hanghoa` VALUES (196, 'Chỉ Ngu Ngơ Mới Biết Cười', 'Sách', 292000, 124, 1, 'Chỉ Ngu Ngơ Mới Biết Cười là một trong những tiểu thuyết vĩ đại nhất của Mỹ trong thế kỷ 20. Bức tranh về xã hội thượng lưu Mỹ đã được khắc họa một cách xuất sắc với những nạn nhân của chủ nghĩa tự nhiên, những con người của bản năng chứ không phải là người mang ý thức, những kẻ luôn luôn tuân theo luật lệ của thế giới kim tiền và danh vọng. Edith Wharton đã đưa người đọc vào một thế giới lộng lẫy nhưng bi thương, hào nhoáng nhưng ô trọc, đến với một câu chuyện của âm mưu và tình yêu, đê hèn và cao thượng, bất nghĩa và thiện lương… Khi đọc Chỉ Ngu Ngơ Mới Biết Cười độc giả có lẽ sẽ vấp phải một thế giới với hệ thống giá trị và quan niệm thật khác lạ so với ngày nay. Như chính nhân vật Lily Bart đã nhận xét: “Cô cảm thấy khó khăn thực sự trong việc không thể truyền đạt tình trạng của mình cho bất cứ ai mà lý thuyết về giá trị của họ thật khác so với cô”, đó chính xác là vấn đề ta cần tìm hiểu trước khi tiếp cận tác phẩm này. Cuối thế kỷ 19, đầu thế kỷ 20, người phụ nữ sinh ra trong giới thượng lưu được nuôi dạy với tư tưởng rằng cô ta suốt đời chỉ có chức năng làm vật trang trí và là công cụ tiến thân cho người chồng giàu có của mình. “Đó là một số phận đáng căm hận – nhưng làm sao để thoát khỏi nó? Cô có lựa chọn nào chăng?”. Lily Bart đã chua chát nhận xét như thế vào một đêm cô đánh bạc thua trắng. Là sản phẩm của nền văn minh sinh ra mình, người phụ nữ thiếu sót mọi kiến thức kinh tế xã hội thật chất lẫn những kỹ năng sinh tồn thiết yếu giúp tự nuôi sống bản thân. Điều không thể tránh khỏi là họ bị từ chối quyền tự điều khiển cuộc sống mà ở đó họ có thể là trung tâm. Lily Bart biết ước mơ cả đời cô là được sống trong một căn nhà to đẹp, nhưng cô cũng căm hận chính  mình vì không thể nghĩ ra được một điều gì cao hơn thế, không bị trói buột trong bốn bức tường phòng khách tráng lệ. Có thể nói, tội ác lớn nhất của thời kỳ này là khiến phụ nữ tin rằng hưởng thụ, tiêu xài, phù phiếm không chỉ là số phận của họ mà còn là số phận duy nhất họ có thể mơ tưởng đến.', '70.jpg', '70.1.jpg', '70.2.jpg');
INSERT INTO `hanghoa` VALUES (197, 'Chiếc Lexus và cây ô liu', 'Sách', 249000, 135, 6, 'Trong cuốn Chiếc Lexus Và Cây Ô Liu , Thomas L.Friedman, người từng đoạt giải Pulitzer, bình luận viên quan hệ quốc tế của The New York Times, đưa ra một cái nhìn xuyên suốt về hệ thống quốc tế mới đang làm biến đổi tình hình thế giới ngày nay. Toàn cầu hóa đã thay thế Chiến tranh Lạnh, mang lại sự hội nhập về tư bản, công nghệ và thông tin xuyên qua biên giới quốc gia - hội tụ nông dân Brazil, giới doanh nhân Indonesia, dân làng Trung Quốc và kỹ thuật viên ở Thung lũng Silicon vào một ngôi làng toàn cầu chung. Bạn không thể hiểu bản tin buổi sáng, biết nơi nào để đầu tư hay tiên liệu về tương lai nếu bạn không hiểu thấu đáo hệ thống mới này - đang ảnh hưởng sâu sắc đến hầu như mọi quốc gia trên thế giới ngày nay. Friedman giải thích cho bạn nền kinh tế điện tử toàn cầu này là gì và cần làm gì để con người có thể tồn tại trong đó. Qua những câu chuyện sinh động từ những chuyến đi khắp nơi, Friedman miêu tả cuộc xung đột giữa Chiếc Lexus Và Cây Ô Liu - tượng trưng cho quan hệ căng thẳng giữa hệ thống toàn cầu hóa hiện đại và những sức mạnh văn hóa, địa lý, truyền thống và cộng đồng từ ngàn xưa. Tác giả mô tả cặn kẽ sự chống đối mãnh liệt do toàn cầu hóa gây ra cho những con người bị thua thiệt. Tác giả cũng nói rõ những gì chúng ta cần làm để giữ cân bằng giữa chiếc xe Lexus và cây Ô Liu. Trong ấn bản lần này, Friedman đã mở rộng và cập nhật những lập luận và phân tích dễ gây tranh cãi của mình, khiến cuốn sách trở nên thiết yếu đối với những ai quan tâm đến dòng chảy thế giới ngày nay.', '71.jpg', NULL, NULL);
INSERT INTO `hanghoa` VALUES (198, 'Chiêm Tinh Học Nhập Môn', 'Sách', 144000, 133, 6, 'Bạn cảm thấy mình không giống một Xử Nữ, một Nhân Mã, một Kim Ngưu… cho lắm? Bạn muốn biết sau này mình có giàu không, bao giờ mình có người yêu, mình sẽ yêu người thế nào? Tất cả câu trả lời sẽ đều có trên bản đồ sao cá nhân của bạn. Vấn đề là, làm thế nào để đọc được bản đồ sao cá nhân? Thay vì tìm mỏi mắt một chiêm tinh gia chuyên nghiệp đáng tin cậy, hay là thử tự đọc bản đồ sao cho mình xem, vì học chiêm tinh cũng không khó lắm đâu! Đây là cuốn sách tỉ mỉ, chi tiết, đầy đủ, dễ hiểu nhất để bạn có thể tự đọc bản đồ sao đầu tiên tại Việt Nam. Đến từ tác giả là chiêm tinh gia chuyên nghiệp với gần 20 năm nghiên cứu, cuốn sách được thiết kế để ai cũng có thể tự xem bản đồ sao. “Chiêm tinh học về cơ bản là một ngôn ngữ. Mà khi ta thông hiểu ngôn ngữ này, cả bầu trời sẽ bắt đầu nói chuyện với ta” - Dane Rudhyar. Chiêm tinh học nhập môn - Khám phá bản thân qua ngôn ngữ của các chòm sao!', '72.jfif', NULL, NULL);
INSERT INTO `hanghoa` VALUES (199, 'Chiến Binh Cầu Vồng', 'Sách', 93000, 128, 4, 'Một tác phẩm có tầm ảnh hưởng sâu rộng nhất Indonesia. “Thầy Harfan và cô Mus nghèo khổ đã mang đến cho tôi tuổi thơ đẹp nhất, tình bạn đẹp nhất, và tâm hồn phong phú, một thứ gì đó vô giá, thậm chí còn có giá trị hơn những khao khát mơ ước. Có thể tôi lầm, nhưng theo ý tôi, đây thật sự là hơi thở của giáo dục và linh hồn của một chốn được gọi là trường học.” - (Trích tác phẩm). Trong ngày khai giảng, nhờ sự xuất hiện vào phút chót của cậu bé thiểu năng trí tuệ Harun, trường Muhammadiyah may mắn thoát khỏi nguy cơ đóng cửa. Nhưng ước mơ dạy và học trong ngôi trường Hồi giáo ấy liệu sẽ đi về đâu, khi ngôi trường xập xệ dường như sẵn sàng sụp xuống bất cứ lúc nào, khi lời đe dọa đóng cửa từ viên thanh tra giáo dục luôn lơ lửng trên đầu, khi những cỗ máy xúc hung dữ đang chực chờ xới tung ngôi trường để dò mạch thiếc…? Và liệu niềm đam mê học tập của những Chiến binh Cầu vồng đó có đủ sức chinh phục quãng đường ngày ngày đạp xe bốn mươi cây số, rồi đầm cá sấu lúc nhúc bọn ăn thịt người, chưa kể sự mê hoặc từ những chuyến phiêu lưu chết người theo tiếng gọi của ngài pháp sư bí ẩn trên đảo Hải Tặc, cùng sức cám dỗ khôn cưỡng từ những đồng tiền còm kiếm được nhờ công việc cu li toàn thời gian ...? Chiến binh Cầu vồng có cả trong sáng tuổi học trò lẫn những trò đùa tinh quái, cả nước mắt lẫn tiếng cười – một bức tranh chân thực về hố sâu ngăn cách giàu nghèo, một tác phẩm văn học cảm động truyền tải sâu sắc nhất ý nghĩa đích thực của việc làm thầy, việc làm trò và việc học.', '73.jpg', '73.1.jpg', '73.2.jpg');
INSERT INTO `hanghoa` VALUES (249, 'Sách này thêm thử', 'Sách', 100000, 20, 5, 'Không biết ghi gì', '1621569625.jpg', '', '');

-- ----------------------------
-- Table structure for khachhang
-- ----------------------------
DROP TABLE IF EXISTS `khachhang`;
CREATE TABLE `khachhang`  (
  `MSKH` int(11) NOT NULL AUTO_INCREMENT,
  `HoTenKH` varchar(255) CHARACTER SET utf8mb4 COLLATE utf8mb4_unicode_ci NULL DEFAULT NULL,
  `TenCongTy` varchar(255) CHARACTER SET utf8mb4 COLLATE utf8mb4_unicode_ci NULL DEFAULT NULL,
  `DiaChi` varchar(255) CHARACTER SET utf8mb4 COLLATE utf8mb4_unicode_ci NULL DEFAULT NULL,
  `SoDienThoai` char(15) CHARACTER SET utf8mb4 COLLATE utf8mb4_unicode_ci NULL DEFAULT NULL,
  `Email` varchar(255) CHARACTER SET utf8mb4 COLLATE utf8mb4_unicode_ci NULL DEFAULT NULL,
  `password` varchar(255) CHARACTER SET utf8mb4 COLLATE utf8mb4_unicode_ci NULL DEFAULT '827ccb0eea8a706c4c34a16891f84e7b',
  PRIMARY KEY (`MSKH`) USING BTREE,
  UNIQUE INDEX `Email`(`Email`) USING BTREE
) ENGINE = InnoDB AUTO_INCREMENT = 282 CHARACTER SET = utf8mb4 COLLATE = utf8mb4_unicode_ci ROW_FORMAT = DYNAMIC;

-- ----------------------------
-- Records of khachhang
-- ----------------------------
INSERT INTO `khachhang` VALUES (126, 'Võ Hòa An', 'Công ty cổ phần 32', '39 Phố Khổng Khánh Lễ, Xã 2, Huyện 2 Cần Thơ', '+84-555-579-442', 'an1800001@student.edu.vn', '827ccb0eea8a706c4c34a16891f84e7b');
INSERT INTO `khachhang` VALUES (127, 'Nguyễn Gia Hoàng', 'Công ty cổ phần 32', '76 Phố Thập, Ấp Võ Cát, Quận Thọ Tạ Đà Nẵng', '+84-755-540-546', 'hoang1802003@student.edu.vn', '827ccb0eea8a706c4c34a16891f84e7b');
INSERT INTO `khachhang` VALUES (128, 'Pham Thi Thu Hâu', 'CTCP Bảo hiểm AAA', '69 Phố Kha Việt Luận, Phường Thi Trạch, Quận Triệu Yên Bái', '+84-555-580-741', 'hau1802004@student.edu.vn', '827ccb0eea8a706c4c34a16891f84e7b');
INSERT INTO `khachhang` VALUES (129, 'Hà Huế Anh', 'CTCP Xây dựng Kiến trúc AA', '9002, Ấp Diệp Thạch, Xã 1, Huyện Cổ Khiêm Huy Bắc Ninh', '+84-855-580-171', 'anh1800010@student.edu.vn', '827ccb0eea8a706c4c34a16891f84e7b');
INSERT INTO `khachhang` VALUES (130, 'Nguyễn Ngọc Bảo Hân', 'Công ty Cổ phần Thủy sản Mekong', '2609, Thôn Võ Minh, Phường 0, Quận Trình Tuyết Hải Dương', '+84-555-508-589', 'han1800013@student.edu.vn', '827ccb0eea8a706c4c34a16891f84e7b');
INSERT INTO `khachhang` VALUES (131, 'Phan Ngọc Huỳnh', 'Công ty Cổ phần Chứng Khoán Smart Invest', '220 Phố Nhữ Đăng Đại, Thôn Mẫn Hội, Quận Mộc Trà Vinh', '+84-355-553-631', 'huynh1802018@student.edu.vn', '827ccb0eea8a706c4c34a16891f84e7b');
INSERT INTO `khachhang` VALUES (132, 'Lê Nguyễn Trường An', 'Công ty Cổ phần Tiên Sơn Thanh Hóa', '16, Thôn Thiện Mẫn, Xã 2, Huyện Bạch Mạc Hà Giang', '+84-855-521-131', 'an1802021@student.edu.vn', '827ccb0eea8a706c4c34a16891f84e7b');
INSERT INTO `khachhang` VALUES (133, 'Thiều Nguyên Hưng', 'Công ty Cổ phần Chứng khoán Á Âu', '50, Ấp 0, Xã 8, Huyện Cao Lào Cai', '+84-355-519-597', 'hung1800049@student.edu.vn', '827ccb0eea8a706c4c34a16891f84e7b');
INSERT INTO `khachhang` VALUES (134, 'Trần Hào', 'Công ty Cổ phần Việt Tiên Sơn Địa ốc', '109, Ấp Thiên Vọng, Ấp Thịnh Kha, Quận Phùng Xuân Lâm Đồng', '+84-555-559-823', 'hao1800048@student.edu.vn', '827ccb0eea8a706c4c34a16891f84e7b');
INSERT INTO `khachhang` VALUES (135, 'Nguyễn Mạnh Hùng', 'Ngân hàng Thương mại cổ phần An Bình', '70 Phố Đinh Ánh Viên, Phường Thái, Huyện Linh Hồ Cần Thơ', '+84-755-539-065', 'hung1800043@student.edu.vn', '827ccb0eea8a706c4c34a16891f84e7b');
INSERT INTO `khachhang` VALUES (136, 'Phan Trần Hoài Bảo', 'Công ty cổ phần Truyền thông VMG', '9, Thôn Ngụy, Phường Đôn Bảo, Quận Khương Thái Tường Lạng Sơn', '+84-555-510-362', 'bao1802025@student.edu.vn', '827ccb0eea8a706c4c34a16891f84e7b');
INSERT INTO `khachhang` VALUES (137, 'Lê Nguyễn Thanh Hiền', 'Công ty cổ phần Quản lý quỹ đầu tư Chứng khoán An Bình', '851 Phố Tông Châu Đăng, Phường 2, Huyện 03 Đắk Lắk', '+84-355-550-421', 'hien1802028@student.edu.vn', '827ccb0eea8a706c4c34a16891f84e7b');
INSERT INTO `khachhang` VALUES (138, 'Trần Ngọc Hân', 'Công ty Cổ phần Bảo hiểm Ngân hàng Nông nghiệp', '14, Ấp Võ Vịnh Kha, Phường 4, Huyện Tiển Vĩnh Phúc', '+84-555-501-487', 'han1802027@student.edu.vn', '827ccb0eea8a706c4c34a16891f84e7b');
INSERT INTO `khachhang` VALUES (139, 'Nguyễn Thi Ngọc Hân', 'Công ty Cổ phần Đầu tư Nhãn hiệu Việt', '46 Phố Thào Võ Thịnh, Xã 2, Quận 66 Hà Nội', '+84-555-558-667', 'han1800056@student.edu.vn', '827ccb0eea8a706c4c34a16891f84e7b');
INSERT INTO `khachhang` VALUES (140, 'Vũ Hữu Đoàn', 'Công ty cổ phần Dịch vụ Nông nghiệp Bình Thuận', '52, Thôn Ấu Khiêm Quyên, Phường Giáp, Huyện Hàn Đắk Lắk', '+84-555-598-898', 'doan1800086@student.edu.vn', '827ccb0eea8a706c4c34a16891f84e7b');
INSERT INTO `khachhang` VALUES (141, 'Nguyễn Dương', 'Công ty Cổ phần Xuất nhập khẩu Thủy sản Bến Tre', '1 Phố Nhân, Xã Bảo Thống Sương, Quận Huỳnh Hà Nội', '+84-755-529-703', 'duong1802043@student.edu.vn', '827ccb0eea8a706c4c34a16891f84e7b');
INSERT INTO `khachhang` VALUES (142, 'Lê Tiến Dũng', 'Công ty Cổ phần ACC - 244', '0 Phố Thạch, Phường Đan Lại, Quận 8 Trà Vinh', '+84-555-508-748', 'dung1802041@student.edu.vn', '827ccb0eea8a706c4c34a16891f84e7b');
INSERT INTO `khachhang` VALUES (143, 'Trương Nguyễn Mỹ Duyên', 'Ngân hàng Thương mại Cổ phần Á Châu', '52 Phố Thúy, Phường 14, Quận Lợi Yên Thái Bình', '+84-955-574-465', 'duyen1800083@student.edu.vn', '827ccb0eea8a706c4c34a16891f84e7b');
INSERT INTO `khachhang` VALUES (144, 'Trần Hoàng Huy', 'Công ty TNHH MTV Quản lý Quỹ ACB (ACBC)', '876 Phố Hàn Hoa Nga, Xã Bình, Huyện Lạc Lương Yên Bái', '+84-555-553-594', 'huy1800066@student.edu.vn', '827ccb0eea8a706c4c34a16891f84e7b');
INSERT INTO `khachhang` VALUES (145, 'Hoa Thi Diễm', 'Công ty TNHH Chứng khoán ACB', '226 Phố Nhậm Thắm Hạnh, Phường Tạ Cường Pháp, Huyện Đan Phú Thọ', '+84-355-525-765', 'diem1800070@student.edu.vn', '827ccb0eea8a706c4c34a16891f84e7b');
INSERT INTO `khachhang` VALUES (146, 'Nguyễn Trần Bích Diễm', 'Công ty Cổ phần Đầu tư và Xây dựng Bình Dương ACC', '5 Phố Đào, Phường Huyền Ý, Huyện Phi Kon Tum', '+84-555-508-848', 'diem1802034@student.edu.vn', '827ccb0eea8a706c4c34a16891f84e7b');
INSERT INTO `khachhang` VALUES (147, 'Lê Bạch Hoa Tâm Huỳnh', 'Tổng Công ty Xây dựng Công trình Hàng không', '865, Ấp Lộc Trác, Phường Bình Bích, Quận Chi Nhi Nam Định', '+84-855-594-196', 'huynh1800067@student.edu.vn', '827ccb0eea8a706c4c34a16891f84e7b');
INSERT INTO `khachhang` VALUES (148, 'Nguyễn Hùng Cường', 'Công ty Cổ phần Bê tông ly tâm An Giang', '3364 Phố Cổ Lĩnh Khánh, Ấp Xa Lâm, Huyện 8 Cần Thơ', '+84-955-532-010', 'cuong1802045@student.edu.vn', '827ccb0eea8a706c4c34a16891f84e7b');
INSERT INTO `khachhang` VALUES (149, 'Võ Đai Hàn', 'CTCP Acecook Việt Nam', '403 Phố Lỳ Oanh Bào, Phường Hằng Cường, Huyện An Quách Đà Nẵng', '+84-555-510-825', 'han1800099@student.edu.vn', '827ccb0eea8a706c4c34a16891f84e7b');
INSERT INTO `khachhang` VALUES (150, 'Huỳnh Tấn Hiếu', 'Công ty cổ phần Xuất nhập khẩu Thủy sản Cửu Long An Giang', '2, Thôn 84, Phường Đoàn Đoàn Cát, Huyện Huyền Dương Hưng Yên', '+84-555-553-414', 'hieu1800097@student.edu.vn', '827ccb0eea8a706c4c34a16891f84e7b');
INSERT INTO `khachhang` VALUES (151, 'Trương Thế Đức', 'CTCP Tập đoàn Khoáng sản Á Cường', '3373 Phố Ngô, Phường 14, Quận Thịnh Nam Định', '+84-755-518-564', 'duc1802046@student.edu.vn', '827ccb0eea8a706c4c34a16891f84e7b');
INSERT INTO `khachhang` VALUES (152, 'Phan Thị Hồng', 'Công ty Cổ phần Xây lắp Thương mại 2', '08, Ấp Mai, Thôn Nhung Lộc, Huyện Huỳnh Điện Biên', '+84-955-505-926', 'hong1802047@student.edu.vn', '827ccb0eea8a706c4c34a16891f84e7b');
INSERT INTO `khachhang` VALUES (153, 'Nguyễn Duy Đức', 'Tổng công ty Cảng hàng không Việt Nam - CTCP', '4 Phố Sử Thương Du, Ấp Âu Vinh, Huyện Khê Băng Hải Phòng', '+84-355-506-211', 'duc1800015@student.edu.vn', '827ccb0eea8a706c4c34a16891f84e7b');
INSERT INTO `khachhang` VALUES (154, 'Nguyễn Ngọc Diễm Hằng', 'Công ty Cổ phần Mĩ thuật và Truyền thông', '5 Phố Kính, Xã Tiển, Huyện Nhã Tiền Bạc Liêu', '+84-355-539-714', 'hang1802007@student.edu.vn', '827ccb0eea8a706c4c34a16891f84e7b');
INSERT INTO `khachhang` VALUES (155, 'Trương Tố Hân', 'Công ty cổ phần Clever Group', '6602, Ấp Thục Mỹ, Phường Hoan Vi, Quận Kha Chưởng Điện Biên', '+84-555-525-362', 'han1800021@student.edu.vn', '827ccb0eea8a706c4c34a16891f84e7b');
INSERT INTO `khachhang` VALUES (276, 'Phạm Chí Trung', '', 'KTX Đại học Cần Thơ', '0369863655', 'trungb1809424@student.ctu.edu.vn', '25d55ad283aa400af464c76d713c07ad');
INSERT INTO `khachhang` VALUES (281, 'Diễm Xuân', '', 'Ninh Kiều Cần Thơ', '0369863655', 'trung@gmail.com', 'f5bb0c8de146c67b44babbf4e6584cc0');

-- ----------------------------
-- Table structure for loaihanghoa
-- ----------------------------
DROP TABLE IF EXISTS `loaihanghoa`;
CREATE TABLE `loaihanghoa`  (
  `MaLoaiHang` int(11) NOT NULL AUTO_INCREMENT,
  `TenLoaiHang` varchar(255) CHARACTER SET utf8mb4 COLLATE utf8mb4_unicode_ci NULL DEFAULT NULL,
  PRIMARY KEY (`MaLoaiHang`) USING BTREE
) ENGINE = InnoDB AUTO_INCREMENT = 19 CHARACTER SET = utf8mb4 COLLATE = utf8mb4_unicode_ci ROW_FORMAT = DYNAMIC;

-- ----------------------------
-- Records of loaihanghoa
-- ----------------------------
INSERT INTO `loaihanghoa` VALUES (1, 'Tiểu thuyết');
INSERT INTO `loaihanghoa` VALUES (2, 'Khoa học');
INSERT INTO `loaihanghoa` VALUES (3, 'Kinh tế');
INSERT INTO `loaihanghoa` VALUES (4, 'Thần thoại');
INSERT INTO `loaihanghoa` VALUES (5, 'Tâm lý');
INSERT INTO `loaihanghoa` VALUES (6, 'Kỹ năng');
INSERT INTO `loaihanghoa` VALUES (11, 'Trinh thám');

-- ----------------------------
-- Table structure for nhanvien
-- ----------------------------
DROP TABLE IF EXISTS `nhanvien`;
CREATE TABLE `nhanvien`  (
  `MSNV` int(11) NOT NULL AUTO_INCREMENT,
  `HoTenNV` varchar(255) CHARACTER SET utf8mb4 COLLATE utf8mb4_unicode_ci NULL DEFAULT NULL,
  `ChucVu` varchar(255) CHARACTER SET utf8mb4 COLLATE utf8mb4_unicode_ci NULL DEFAULT NULL,
  `DiaChi` varchar(255) CHARACTER SET utf8mb4 COLLATE utf8mb4_unicode_ci NULL DEFAULT NULL,
  `SoDienThoai` char(15) CHARACTER SET utf8mb4 COLLATE utf8mb4_unicode_ci NULL DEFAULT NULL,
  `password` varchar(255) CHARACTER SET utf8mb4 COLLATE utf8mb4_unicode_ci NULL DEFAULT '827ccb0eea8a706c4c34a16891f84e7b',
  PRIMARY KEY (`MSNV`) USING BTREE
) ENGINE = InnoDB AUTO_INCREMENT = 75 CHARACTER SET = utf8mb4 COLLATE = utf8mb4_unicode_ci ROW_FORMAT = DYNAMIC;

-- ----------------------------
-- Records of nhanvien
-- ----------------------------
INSERT INTO `nhanvien` VALUES (28, 'Phạm Ngọc Phương Dung', 'Trưởng phòng', '6366, Ấp 3, Phường Quyên Cù, Huyện 4 Quảng Trị', '0369863655', '827ccb0eea8a706c4c34a16891f84e7b');
INSERT INTO `nhanvien` VALUES (29, 'Trần Tạ Quốc Cường', 'Giám đốc', '98, Thôn 8, Xã Ấu, Quận 34 Hà Nam', '+84-855-547-083', '827ccb0eea8a706c4c34a16891f84e7b');
INSERT INTO `nhanvien` VALUES (30, 'Nguyễn Đình Bảo', 'Quản lý', '4450 Phố Đan Thể Việt, Phường 37, Quận 0 Quảng Nam', '+84-855-531-990', '827ccb0eea8a706c4c34a16891f84e7b');
INSERT INTO `nhanvien` VALUES (31, 'Nguyễn Trần Đức Huy', 'Chủ tịch', '12, Ấp 9, Phường 8, Quận Diệu Bình Định', '+84-955-537-798', '827ccb0eea8a706c4c34a16891f84e7b');
INSERT INTO `nhanvien` VALUES (32, 'Lê Đình Chung', 'Nhân viên kỹ thuật', '3832 Phố Đậu Thọ Vĩ, Phường Khưu Chung Nhã, Huyện Kim Tiền Giang', '+84-355-574-785', '827ccb0eea8a706c4c34a16891f84e7b');
INSERT INTO `nhanvien` VALUES (33, 'Hoàng Đãng Huy', 'Nhân viên kỹ thuật', '2775 Phố Vương, Phường 67, Huyện Thy Tuệ Lào Cai', '+84-955-524-058', '827ccb0eea8a706c4c34a16891f84e7b');
INSERT INTO `nhanvien` VALUES (34, 'Trinh Viết Hiếu', 'Nhân viên kỹ thuật', '2 Phố Dân, Phường Mang Thạc Dương, Huyện 27 Hậu Giang', '+84-555-518-904', '827ccb0eea8a706c4c34a16891f84e7b');
INSERT INTO `nhanvien` VALUES (35, 'Lý Hậu Hán', 'Nhân viên kỹ thuật', '5303, Thôn 73, Thôn Điền Hồng, Quận Linh Bình Phước', '+84-355-592-549', '827ccb0eea8a706c4c34a16891f84e7b');
INSERT INTO `nhanvien` VALUES (36, 'La Tấn Hào', 'Nhân viên kỹ thuật', '90, Ấp Thi Quân, Phường Phương, Quận Thảo Hà Nam', '+84-755-575-135', '827ccb0eea8a706c4c34a16891f84e7b');
INSERT INTO `nhanvien` VALUES (37, 'Hoàng Hiếu', 'Nhân viên bán hàng', '620, Ấp Dao Phúc, Phường 9, Huyện 6 Hà Giang', '+84-355-549-573', '827ccb0eea8a706c4c34a16891f84e7b');
INSERT INTO `nhanvien` VALUES (38, 'Trần Thị Ngọc Giàu', 'Nhân viên bán hàng', '926, Thôn 6, Phường Tiền Lâm, Huyện Giả Phương Bổng Lâm Đồng', '+84-555-598-946', '827ccb0eea8a706c4c34a16891f84e7b');
INSERT INTO `nhanvien` VALUES (39, 'Phạm Thị Kim Hằng', 'Nhân viên bán hàng', '0421 Phố Phùng Hiệp Đạt, Ấp Vương Kỳ, Quận Hà Trí Đà Nẵng', '+84-355-564-223', '827ccb0eea8a706c4c34a16891f84e7b');
INSERT INTO `nhanvien` VALUES (40, 'Mai Ngọc Trâm Anh', 'Nhân viên bán hàng', '61 Phố Hạ, Phường Hoàng, Quận Trúc Đạo Hà Tĩnh', '+84-955-552-244', '827ccb0eea8a706c4c34a16891f84e7b');
INSERT INTO `nhanvien` VALUES (41, 'Ngô Thúy Hằng', 'Nhân viên bán hàng', '53 Phố Tông Bình Vỹ, Xã Đan Tiển, Quận Vu Tây Ninh', '+84-555-579-261', '827ccb0eea8a706c4c34a16891f84e7b');
INSERT INTO `nhanvien` VALUES (42, 'Vũ Huỳnh Trâm Anh', 'Nhân viên bán hàng', '673, Ấp Danh Hùng, Phường 0, Huyện Đoàn Khánh Tây Ninh', '+84-555-500-763', '827ccb0eea8a706c4c34a16891f84e7b');
INSERT INTO `nhanvien` VALUES (43, 'Phạm Lâm Phương Hoàng', 'Nhân viên bán hàng', '7531, Thôn Thân Hợp Mi, Phường Giao Đan Bảo, Quận Ngọc Thái Nguyên', '+84-355-570-185', '827ccb0eea8a706c4c34a16891f84e7b');
INSERT INTO `nhanvien` VALUES (44, 'Bùi Thi Thanh An', 'Nhân viên bán hàng', '433 Phố Lý Giao Khê, Phường Khoa, Huyện Bá Hòa Cần Thơ', '+84-355-538-744', '827ccb0eea8a706c4c34a16891f84e7b');


-- ----------------------------
-- Function structure for fn_ThanhTien
-- ----------------------------
DROP FUNCTION IF EXISTS `fn_ThanhTien`;
delimiter ;;
CREATE FUNCTION `fn_ThanhTien`(SoDonDH int)
 RETURNS float
begin
 return (select sum((soluong * giadathang) - giamgia)
 from chitietdathang ct where ct.soDonDH = SoDonDH);
end
;;
delimiter ;

-- ----------------------------
-- View structure for view_danhsachdonhang
-- ----------------------------
DROP VIEW IF EXISTS `view_danhsachdonhang`;
CREATE ALGORITHM = UNDEFINED SQL SECURITY DEFINER VIEW `view_danhsachdonhang` AS select CT.SoDonDH, MSHH, SoLuong, GiaDatHang, GiamGia, KH.MSKH, NV.MSNV, DATE_FORMAT(NgayDH,'%d/%m/%Y') AS NgayDH, DATE_FORMAT(NgayGH,'%d/%m/%Y') AS NgayGH, TrangThai, NV.HoTenNV, KH.HoTenKH, fn_ThanhTien(CT.SoDonDH) as ThanhTien
from chitietdathang CT JOIN dathang DH 
											ON CT.SoDonDH = DH.SoDonDH
											JOIN khachhang KH
											ON DH.MSKH = KH.MSKH
											JOIN nhanvien NV
											ON DH.MSNV = NV.MSNV ;

-- ----------------------------
-- View structure for view_danhsachhanghoa
-- ----------------------------
DROP VIEW IF EXISTS `view_danhsachhanghoa`;
CREATE ALGORITHM = UNDEFINED SQL SECURITY DEFINER VIEW `view_danhsachhanghoa` AS select MSHH, TenHH, QuyCach, Gia, SoLuongHang, hh.MaLoaiHang, lh.TenLoaiHang, GhiChu, Hinh1, Hinh2, Hinh3
from hanghoa hh join loaihanghoa lh
on hh.maloaihang = lh.maloaihang ;

-- ----------------------------
-- View structure for view_danhsachkhachhang
-- ----------------------------
DROP VIEW IF EXISTS `view_danhsachkhachhang`;
CREATE ALGORITHM = UNDEFINED SQL SECURITY DEFINER VIEW `view_danhsachkhachhang` AS select kh.MSKH, HoTenKH, TenCongTy, dc.diachi, dc.MaDC, SoDienThoai, Email
from khachhang kh join diachikh dc
on dc.mskh = kh.mskh ;

-- ----------------------------
-- Function structure for fn_DoanhThuThang
-- ----------------------------
DROP FUNCTION IF EXISTS `fn_DoanhThuThang`;
delimiter ;;
CREATE FUNCTION `fn_DoanhThuThang`(thang int)
 RETURNS float
begin
 return (select SUM((soluong * giadathang) - giamgia)
 from chitietdathang ct join dathang dh on dh.SoDonDH = ct.SoDonDH
 where MONTH(NgayDH) = thang);
end
;;
delimiter ;


-- ----------------------------
-- Triggers structure for table chitietdathang
-- ----------------------------
DROP TRIGGER IF EXISTS `Trg_KiemTraSoLuongInsert`;
delimiter ;;
CREATE TRIGGER `Trg_KiemTraSoLuongInsert` BEFORE INSERT ON `chitietdathang` FOR EACH ROW BEGIN

 IF 
		 (SELECT count(*) FROM HangHoa hh
     WHERE hh.mshh = NEW.mshh and hh.soluonghang < NEW.SoLuong) > 0
 THEN
    SIGNAL SQLSTATE '45000'
    SET MESSAGE_TEXT = 'Số lượng hàng không được lớn hơn số lượng còn trong kho';
 ELSE
		UPDATE HANGHOA SET SOLUONGHANG = SOLUONGHANG - NEW.SOLUONG WHERE MSHH = NEW.MSHH;
 END IF;

END
;;
delimiter ;

-- ----------------------------
-- Triggers structure for table chitietdathang
-- ----------------------------
DROP TRIGGER IF EXISTS `Trg_KiemTraSoLuongUpdate`;
delimiter ;;
CREATE TRIGGER `Trg_KiemTraSoLuongUpdate` BEFORE UPDATE ON `chitietdathang` FOR EACH ROW BEGIN

	IF NEW.SOLUONG > OLD.SOLUONG
	THEN
	 IF 
			 (SELECT count(*) FROM HangHoa hh
			 WHERE hh.mshh = NEW.mshh and hh.soluonghang < NEW.SoLuong) > 0
	 THEN
			SIGNAL SQLSTATE '45000'
			SET MESSAGE_TEXT = 'Số lượng hàng không được lớn hơn số lượng còn trong kho';
	 ELSE
			UPDATE HANGHOA SET SOLUONGHANG = SOLUONGHANG + OLD.SOLUONG - NEW.SOLUONG WHERE MSHH = NEW.MSHH;
	 END IF;

  ELSE
	  UPDATE HANGHOA SET SOLUONGHANG = SOLUONGHANG + (OLD.SOLUONG - NEW.SOLUONG) WHERE MSHH = NEW.MSHH;
	END IF;

END
;;
delimiter ;

-- ----------------------------
-- Triggers structure for table chitietdathang
-- ----------------------------
DROP TRIGGER IF EXISTS `Trg_KiemTraSoLuongDelete`;
delimiter ;;
CREATE TRIGGER `Trg_KiemTraSoLuongDelete` BEFORE DELETE ON `chitietdathang` FOR EACH ROW BEGIN

	UPDATE HANGHOA SET SOLUONGHANG = SOLUONGHANG + old.soluong where mshh = old.mshh;

END
;;
delimiter ;

-- ----------------------------
-- Triggers structure for table khachhang
-- ----------------------------
DROP TRIGGER IF EXISTS `Trg_ThemDiaChiKH`;
delimiter ;;
CREATE TRIGGER `Trg_ThemDiaChiKH` AFTER INSERT ON `khachhang` FOR EACH ROW BEGIN

	INSERT INTO DIACHIKH(MSKH, DIACHI) VALUES (NEW.MSKH, NEW.DIACHI);

END
;;
delimiter ;

SET FOREIGN_KEY_CHECKS = 1;
